id,City,Area,Building_Type,Construction_Year,Number_of_Floors,Energy_Consumption_Per_SqM,Water_Usage_Per_Building,Waste_Recycled_Percentage,Occupancy_Rate,Indoor_Air_Quality,Smart_Devices_Count,Green_Certified,Maintenance_Resolution_Time,Last_Inspection_Date,Building_Status,Maintenance_Priority,Energy_Per_SqM,Number_of_Residents,Electricity_Bill,Carbon_Footprint
807,Bangalore,Indiranagar,Residential,2002,1,250.0,530.6296718,29.32420039,84.24447573,4.430212153,10,0,5.066212464,03-06-2022,Closed,High,126.0625689,244,13044.75137,194.21897205638263
700,Bangalore,Electronic City,Industrial,2019,5,114.0820872,200.0,65.81435408,95.61201417,28.96996739,3,0,16.72043909,06-02-2024,Operational,High,123.863849,37,16774.64962,112.4184375397048
299,Bangalore,Malleshwaram,Institutional,1983,7,50.0,300.8417951,12.61611424,94.57743723,33.60107312,9,0,10.96493541,14-02-2024,Under Maintenance,Low,181.4814421,20,10339.81567,96.27914698931806
542,Bangalore,BTM Layout,Institutional,1987,7,50.0,717.8947323,41.23330306,88.53922656,15.84632206,2,0,15.14433928,16-08-2023,Operational,High,176.4902089,304,13314.46514,98.63696801197644
1029,Bangalore,Jayanagar,Residential,1974,8,250.0,200.0,36.9986862,91.93344822,29.01596078,5,0,6.755897874,15-05-2024,Under Maintenance,Medium,98.86037174,354,15890.94636,193.18696545180796
1120,Bangalore,Electronic City,Commercial,1982,11,250.0,1056.391221,28.86464566,91.55990845,100.0,6,0,6.412121268,04-01-2023,Under Maintenance,Medium,205.2762966,145,20189.85448,199.1891014482899
783,Bangalore,Yelahanka,Industrial,2006,2,63.62747907,1500.0,19.17672509,90.94724051,100.0,6,0,6.498828085,25-02-2024,Under Maintenance,Low,180.5292873,478,17660.14418,115.46185083831912
643,Bangalore,HSR Layout,Commercial,1980,11,59.51238453,228.2008613,24.31292641,86.11483233,45.58733522,3,0,5.959480066,30-01-2023,Closed,High,74.84285234,124,18713.61531,91.23674389410948
1229,Bangalore,Jayanagar,Residential,1985,3,78.97568638,1500.0,26.32375631,84.93641464,12.7765903,6,0,12.95802192,05-11-2021,Operational,Medium,260.5261501,13,25606.57965,115.81634278955677
596,Bangalore,Indiranagar,Commercial,1999,4,82.59668127,200.0,50.61768565,62.85766792,32.45052953,7,0,7.492232153,02-05-2024,Under Maintenance,High,136.5062532,389,2000.0,111.86685214933314
572,Bangalore,HSR Layout,Industrial,2010,6,50.0,954.5456285,30.78419582,92.29819712,21.20792274,6,0,6.327982049,27-01-2022,Operational,High,166.3463687,94,14567.02812,93.37481573362082
737,Bangalore,Hebbal,Commercial,2020,5,250.0,686.0944146,4.687605652,92.11436177,46.77912536,7,1,8.879455929,27-03-2022,Under Maintenance,Medium,199.1345492,411,2672.530033,161.38479017162757
1166,Bangalore,BTM Layout,Industrial,1979,3,250.0,484.8439448,44.13120024,52.40809955,54.37039923,6,0,8.309410826,08-06-2024,Closed,Low,219.2136409,23,18102.29901,194.2610430490526
398,Bangalore,Yelahanka,Industrial,1990,8,104.2338537,457.0167201,17.60995456,56.07437035,29.92013438,6,0,7.938725249,14-09-2022,Closed,Medium,144.2730077,133,21220.73702,122.45149300823692
614,Bangalore,Malleshwaram,Residential,1991,2,155.1101024,1500.0,42.41284846,84.46278135,73.63169109,6,1,6.750874646,03-12-2023,Under Maintenance,Low,272.287599,233,6770.305511,108.44661359258413
1080,Bangalore,Indiranagar,Residential,2015,2,231.5089173,297.8768232,16.41138185,79.226341,33.54484034,8,1,11.41972274,19-06-2024,Operational,Medium,132.5673933,421,10453.15164,143.5666581979607
273,Bangalore,Banashankari,Residential,1998,10,183.3461971,200.0,30.41358951,56.79901442,13.86886782,2,0,14.38444025,11-04-2022,Under Maintenance,Low,150.5116531,94,8952.906661,158.89355580889793
429,Bangalore,Indiranagar,Institutional,2023,12,50.0,1187.283151,7.754374791,86.35692951,49.09116053,9,0,9.635004498,16-09-2021,Closed,Low,62.06302568,329,15640.87595,94.66185831458444
362,Bangalore,Whitefield,Commercial,1976,12,50.0,228.4006898,37.02619002,87.01983998,74.11114787,5,1,10.9785655,10-12-2023,Under Maintenance,High,144.5619926,187,20038.96786,42.79076285391571
237,Bangalore,HSR Layout,Industrial,2004,6,50.0,356.6929506,36.30960954,46.19839895,52.79092126,1,0,9.206142001,14-10-2022,Under Maintenance,High,159.3227157,258,7972.405344,96.94836567634714
481,Bangalore,Malleshwaram,Commercial,2022,3,89.24259286,977.8891428,50.3906788,82.44733729,12.16134319,3,1,5.259387456,22-03-2024,Operational,High,102.222978,286,9051.04677,58.52098509409787
2,Bangalore,Koramangala,Industrial,2006,10,98.75592702,200.0,17.24758534,48.52622473,27.75702562,2,1,6.22461186,28-09-2023,Operational,Medium,182.3844269,115,8117.632795,73.13162688520347
6,Bangalore,Indiranagar,Commercial,1994,6,50.0,200.0,13.6040003,95.058833,13.34727744,8,1,6.538796533,07-11-2021,Closed,Medium,228.9606408,338,20712.24782,60.36467568753695
482,Bangalore,Yelahanka,Institutional,1993,10,50.0,748.7475559,29.18703371,87.33746956,9.573497238,5,1,12.20857189,16-06-2022,Operational,Medium,69.67768399,221,14309.15927,37.886986961112136
311,Bangalore,Electronic City,Commercial,1989,2,50.0,200.0,51.39958493,70.59371748,4.574340261,4,0,6.970165592,30-08-2023,Closed,Medium,204.9388426,348,12020.26644,100.94803009913595
1072,Bangalore,BTM Layout,Industrial,1986,9,50.0,936.2516676,32.66512065,58.56242772,100.0,4,0,9.559247914,21-12-2023,Operational,Medium,153.8410946,48,14826.09965,90.70546104810127
1119,Bangalore,Banashankari,Commercial,1978,5,50.0,1306.276839,46.61714128,85.18271055,88.83375207,3,0,5.088312667,06-04-2024,Operational,High,202.5327198,16,19689.97673,91.55801661853808
924,Bangalore,Hebbal,Industrial,1972,2,83.06349289,257.7085433,41.97703738,79.24290317,100.0,10,0,9.662401927,05-04-2024,Closed,High,209.7523314,55,21072.73721,110.96914308192422
660,Bangalore,Koramangala,Commercial,2018,3,66.03101395,364.7131863,37.60462116,34.23523452,69.22424644,3,1,8.134935907,25-01-2024,Under Maintenance,High,121.3168997,379,13390.11505,54.65392036339882
936,Bangalore,Yelahanka,Commercial,1990,9,50.0,1500.0,48.28685816,81.24727883,32.96966806,3,0,7.677389203,09-09-2021,Under Maintenance,Low,98.93835914,418,21249.48251,92.96399149404644
215,Bangalore,Whitefield,Commercial,2012,4,50.0,200.0,10.93710597,77.86088576,6.491364613,5,0,8.204417453,16-09-2023,Operational,Low,187.948461,74,9005.369643,99.04881605086634
439,Bangalore,HSR Layout,Institutional,1994,1,50.0,1447.360734,9.983913087,75.230561,50.84749818,8,0,7.954434448,12-05-2022,Operational,Low,147.2226151,389,19695.25962,104.6431732781169
27,Bangalore,Banashankari,Institutional,1991,1,54.15218663,1295.154797,17.30445828,63.26538727,17.61432366,4,0,9.217158186,18-05-2023,Closed,High,168.7849009,457,24052.67421,109.57103787802836
1204,Bangalore,Yelahanka,Residential,2002,1,100.6031512,868.6145236,18.49474408,83.88837938,59.02269435,3,0,6.481398525,13-04-2022,Operational,Medium,152.4430035,142,14504.37604,121.26804334182853
430,Bangalore,Malleshwaram,Institutional,1998,4,50.0,424.8004262,30.93765742,74.62198649,1.638688043,1,0,22.13061239,21-04-2023,Operational,High,90.83707437,168,19873.04556,88.18995608777112
428,Bangalore,BTM Layout,Industrial,1990,6,50.0,200.0,37.80640089,96.29878405,58.67920974,2,0,10.97117281,27-09-2021,Under Maintenance,Low,202.9212243,201,20774.33274,98.79785441574795
847,Bangalore,Electronic City,Institutional,1977,11,250.0,1006.714518,18.18103227,93.2322524,96.02000981,3,0,9.008427778,24-11-2023,Closed,High,272.765007,109,15450.00141,206.9779717215545
527,Bangalore,Electronic City,Institutional,1983,5,50.0,575.5474934,30.61826052,89.03471544,27.40953307,1,0,5.044989256,06-11-2021,Operational,High,152.4042473,366,11942.09715,100.20642547490691
526,Bangalore,Malleshwaram,Commercial,2022,5,50.0,1165.183935,7.367202227,92.77678747,9.361488116,10,0,40.09652354,23-01-2023,Closed,Medium,68.62287811,311,18081.21905,94.7910794904842
796,Bangalore,Banashankari,Commercial,1970,7,250.0,200.0,8.767755363,67.03549301,67.22165817,1,0,7.432287991,17-03-2023,Operational,Low,148.0222423,445,6049.238169,206.72831822801672
988,Bangalore,Whitefield,Commercial,2004,5,50.0,200.0,10.5955026,53.24162866,48.22437122,8,0,11.57089944,24-06-2024,Closed,High,138.9517913,314,7358.292089,101.66366232425167
354,Bangalore,Banashankari,Residential,1983,1,50.0,200.0,3.737629051,81.27272997,24.38988817,1,0,5.209470569,18-02-2024,Operational,Low,149.0491896,27,13592.68412,95.15466585058655
1094,Bangalore,Hebbal,Institutional,1973,7,50.0,1500.0,1.36868907,54.32917718,81.61406237,6,1,12.13087566,18-04-2024,Closed,Medium,186.6320039,147,12612.27604,53.25617080027789
1058,Bangalore,BTM Layout,Residential,1976,8,98.05309564,200.0,2.504519513,96.64004683,100.0,4,0,6.821283543,05-11-2023,Under Maintenance,Low,177.1800077,35,13753.16081,122.32724422207215
256,Bangalore,Yelahanka,Residential,2018,2,206.3470103,260.3733165,38.63521628,83.42157671,35.10664487,9,1,17.39744546,24-11-2021,Operational,Medium,213.3455575,58,8668.886678,123.6868018728331
291,Bangalore,Koramangala,Industrial,2023,8,50.0,200.0,31.89158612,53.64979621,30.08464108,14,0,5.845146093,15-04-2024,Operational,Medium,125.3499533,153,19533.57842,91.21018014060584
25,Bangalore,Malleshwaram,Commercial,2023,9,115.3452008,200.0,9.433673537,61.80140441,8.63728008,9,0,9.43452178,31-07-2022,Closed,Low,155.5461295,191,13278.9846,132.45246459704936
336,Bangalore,Whitefield,Institutional,2010,13,145.0652275,356.3752687,13.44522188,71.78004512,11.00443251,3,1,6.161050937,05-08-2024,Closed,Low,108.7251402,60,13272.72626,87.79828293883743
1013,Bangalore,Hebbal,Industrial,1972,13,50.0,585.8725239,19.58335389,83.02804335,5.595595404,13,0,7.52871424,01-12-2022,Under Maintenance,High,115.5406091,284,15889.60505,96.32710969805217
47,Bangalore,Banashankari,Residential,2013,6,55.05831719,200.0,10.96992462,83.9822201,4.206924867,3,0,8.324322249,01-10-2021,Closed,Medium,202.8561113,155,13921.33146,105.43096260109459
318,Bangalore,Indiranagar,Residential,2011,5,50.0,293.3376207,30.71728015,71.30593807,50.81426415,1,1,6.280606619,11-11-2023,Operational,Low,166.2083176,440,14819.28201,53.96431635174221
106,Bangalore,Yelahanka,Commercial,2016,2,50.0,692.8885439,52.67666219,87.44355353,7.233138038,2,0,6.971382061,11-12-2021,Operational,Low,244.3092951,420,14107.65503,106.62116153275265
946,Bangalore,Banashankari,Industrial,1981,2,50.0,616.8498248,28.4957786,69.47620015,33.85581676,2,0,8.439629502,07-08-2023,Under Maintenance,High,73.72374145,32,10974.34006,82.93845642387632
55,Bangalore,Hebbal,Industrial,2021,6,191.2076534,614.3110657,42.89456432,72.53115285,22.33442987,5,0,13.04595452,21-02-2024,Operational,High,196.564006,50,17988.85325,163.45600290308099
567,Bangalore,Electronic City,Commercial,2001,9,50.0,1466.304043,56.04459706,82.59611415,24.00196425,1,1,5.492190469,02-04-2022,Under Maintenance,High,99.59568445,437,19936.60356,42.034687891912974
213,Bangalore,HSR Layout,Industrial,1985,10,50.0,321.7476955,32.44696815,82.2182319,1.058626879,10,0,5.946991563,25-10-2023,Closed,Medium,182.5695626,43,9258.615828,93.23538030752898
120,Bangalore,Hebbal,Residential,1979,5,123.5511218,1066.253112,5.898001857,36.04771355,1.308255332,3,0,9.898466176,28-07-2024,Operational,High,189.5515974,342,16522.64875,145.45064312831525
610,Bangalore,Electronic City,Industrial,1987,11,50.0,1498.108754,18.74642645,75.22664981,39.88547646,3,0,9.510401155,27-02-2023,Operational,Low,182.7182828,206,12558.16457,100.95027649367029
755,Bangalore,Whitefield,Residential,1983,9,237.0002094,1424.612254,51.41841094,91.50599669,44.89459891,3,0,5.524981973,20-07-2023,Closed,High,281.6191032,414,2539.396493,203.88327286928694
602,Bangalore,Whitefield,Institutional,2020,6,50.0,1500.0,65.21424739,88.82660414,100.0,6,0,6.034163747,06-03-2023,Closed,Low,193.480296,12,11400.09131,86.77691408112831
72,Bangalore,Indiranagar,Institutional,1975,13,50.0,616.2106671,19.74092079,38.77158682,4.730797596,5,0,6.012425629,22-05-2024,Operational,Medium,148.208698,143,9520.311102,95.77496977825024
410,Bangalore,Koramangala,Institutional,2008,2,50.0,275.3333011,68.66332754,87.44599907,37.93897761,4,1,7.984272559,11-05-2023,Under Maintenance,High,185.5807439,494,10295.75564,49.77094889174445
907,Bangalore,Indiranagar,Institutional,2006,1,62.74092078,427.6208616,39.6680255,73.76009472,75.41798519,9,0,10.08880652,17-11-2021,Closed,Low,187.3126783,283,23584.22965,105.9205221729361
811,Bangalore,Jayanagar,Institutional,2014,2,250.0,718.4704219,39.71813274,97.71697816,66.88228163,3,1,7.835587945,13-05-2024,Closed,Low,128.0134471,77,9433.884718,137.19054837902914
548,Bangalore,Hebbal,Residential,2018,1,55.09578181,200.0,29.75403644,75.72771885,17.45581396,2,0,6.1486255,21-07-2024,Closed,Low,168.5572937,362,11878.39012,104.55553579535656
432,Bangalore,Koramangala,Institutional,1973,6,72.21792598,1024.355115,48.0894266,94.03731476,3.696814864,3,0,5.286160017,26-05-2024,Operational,High,136.5296583,372,15548.76701,106.36367035017722
1225,Bangalore,Hebbal,Institutional,1980,12,152.6347527,1500.0,16.14488898,76.89124814,100.0,7,1,11.75448223,21-12-2021,Under Maintenance,High,143.508965,73,19151.83478,94.86038257393288
1219,Bangalore,Yelahanka,Residential,2000,10,50.0,783.1256838,2.709785105,93.71267623,100.0,2,1,5.697919893,15-06-2024,Closed,High,257.2574564,293,8053.593657,64.03666185556695
898,Bangalore,Whitefield,Commercial,1973,8,50.0,681.6385541,31.88675936,76.66903839,4.264050352,8,0,5.423858897,23-01-2024,Closed,Medium,210.3254483,445,10823.80817,108.23850257664179
599,Bangalore,Koramangala,Institutional,2014,7,50.0,1037.924081,27.04957575,74.91784613,100.0,5,0,10.31275716,08-09-2023,Operational,High,168.8650247,149,21716.14451,96.19740885392426
609,Bangalore,Hebbal,Institutional,2001,1,87.93430755,1303.758802,38.51783532,94.89205811,60.36427707,7,0,10.88314008,01-08-2022,Closed,Medium,224.8022156,436,14856.82738,126.87488768734592
1022,Bangalore,Electronic City,Commercial,2007,9,250.0,668.7806087,60.45357395,91.0958247,93.28195123,9,1,5.004146365,05-12-2023,Under Maintenance,Low,148.7822704,117,8256.411391,136.3865540016951
581,Bangalore,Banashankari,Residential,1995,8,250.0,921.0058045,67.91553494,83.81365456,6.06527397,6,0,12.58975081,03-07-2023,Under Maintenance,High,129.2356043,4,14697.1153,179.622316896896
325,Bangalore,Whitefield,Commercial,2003,10,100.4263054,200.0,18.55139145,18.18492603,39.59064166,12,0,7.156850299,06-10-2023,Closed,Medium,89.29056936,290,18174.56461,119.95008208576134
582,Bangalore,Malleshwaram,Industrial,2002,3,50.88684695,873.285502,22.3264003,92.11873317,9.92177467,4,0,5.584879334,14-10-2023,Closed,Low,181.6390933,224,9370.111683,100.94086541383143
1008,Bangalore,BTM Layout,Residential,1973,6,50.0,381.1822201,23.89861959,77.81943772,19.8080342,5,1,5.76982114,13-10-2022,Under Maintenance,Medium,202.4776358,133,27258.49338,49.67984528139667
316,Bangalore,BTM Layout,Commercial,1971,9,50.0,330.379651,57.33551452,65.91362344,23.05239937,7,0,6.660537423,25-06-2022,Under Maintenance,High,184.0976486,430,18579.35751,100.18352571807482
671,Bangalore,Jayanagar,Residential,1978,9,250.0,200.0,42.40758835,84.66783318,62.7706203,8,0,7.779612164,17-02-2024,Under Maintenance,High,50.0,492,8941.115404,191.06485283615925
903,Bangalore,Yelahanka,Residential,1980,2,131.2153093,1500.0,15.94497267,97.79732197,8.855540184,2,0,10.66798211,08-08-2023,Operational,High,213.9225931,326,13157.13545,148.61294620933649
573,Bangalore,HSR Layout,Industrial,1996,9,72.98178565,1490.028558,16.63712679,43.24583239,8.126075268,1,1,11.91460567,05-08-2023,Operational,Low,139.0449736,95,11860.11634,55.48550649905568
741,Bangalore,Jayanagar,Commercial,2011,1,53.79679131,200.0,39.92279421,53.35572111,100.0,4,1,12.09572075,02-01-2023,Closed,Low,86.02115166,25,31149.14563,33.73239476822149
1067,Bangalore,HSR Layout,Residential,2019,1,50.0,501.8263648,25.81843838,79.49433748,8.430449271,3,1,12.72505443,14-03-2024,Operational,Medium,208.0413394,227,17251.10817,52.6555028860926
706,Bangalore,Jayanagar,Institutional,1979,6,58.36950338,1028.80231,17.29872365,87.55691226,51.15201624,5,1,12.90809327,24-09-2023,Closed,High,85.97853238,412,12743.81627,51.80729107491859
593,Bangalore,Whitefield,Residential,2016,2,50.0,949.1744806,22.97894173,85.40167909,52.9499105,7,0,11.99712927,15-11-2021,Closed,High,166.6831053,418,6384.918904,104.75850538953475
60,Bangalore,Koramangala,Residential,1987,12,50.0,200.0,21.79244089,77.97008019,34.57975228,6,0,5.653189072,26-03-2024,Operational,High,126.0412881,103,2000.0,91.55593983087354
433,Bangalore,Jayanagar,Institutional,1992,8,50.0,1500.0,41.9323005,70.97249243,100.0,1,1,12.91701509,02-08-2022,Under Maintenance,Medium,185.8771128,286,12697.03265,49.07152625467981
1078,Bangalore,Whitefield,Industrial,1989,12,50.0,1011.704685,50.12671054,86.67577185,59.21697447,2,1,8.895106039,21-10-2022,Under Maintenance,Low,225.0379895,343,24467.26161,52.90169912667156
92,Bangalore,HSR Layout,Institutional,1992,1,107.2794565,608.1059776,30.33695998,94.00853606,15.58371711,4,0,11.36629584,31-03-2024,Closed,High,114.8973453,296,6934.609232,123.00198542401324
938,Bangalore,Indiranagar,Institutional,2022,1,50.0,1500.0,23.58029964,68.02885138,100.0,2,1,6.803882274,13-01-2024,Under Maintenance,Low,162.1900357,275,26569.43637,50.072655127055995
1243,Bangalore,Koramangala,Commercial,1981,3,250.0,488.6410428,7.828099543,47.16528994,100.0,4,0,12.53690355,25-03-2024,Operational,High,99.26216347,496,15888.92278,203.76894353853564
351,Bangalore,Yelahanka,Commercial,1970,10,145.601209,200.0,12.30221969,67.91914133,8.248186921,8,0,6.322928826,05-03-2023,Under Maintenance,Medium,223.7678108,258,21923.93754,155.77775023344776
1018,Bangalore,Banashankari,Residential,1993,6,250.0,271.0655197,39.38769223,61.91269896,100.0,5,0,11.33401569,23-09-2022,Operational,High,133.9826346,227,21851.71405,192.7115980234284
280,Bangalore,Yelahanka,Industrial,2014,1,165.5492607,200.0,22.98626651,87.54087497,13.42839404,13,1,12.5012975,12-09-2023,Closed,Low,155.6758673,431,19305.83118,111.79955502455623
793,Bangalore,HSR Layout,Industrial,1971,4,141.8016477,200.0,50.21848493,69.17173457,36.48454016,1,1,7.301726102,18-06-2022,Operational,Low,86.16257121,17,23499.09819,75.29166663919845
494,Bangalore,Malleshwaram,Institutional,2017,7,50.0,538.1180264,39.53888777,72.18051142,54.85876186,3,1,5.000417164,13-05-2022,Under Maintenance,Low,226.1562039,380,16302.09303,56.38603771814829
359,Bangalore,Hebbal,Commercial,2020,10,64.25868342,232.9664073,23.47683713,75.05753533,100.0,4,0,8.151429355,27-07-2024,Closed,Medium,108.6384528,439,23369.79055,106.71724421293838
1128,Bangalore,Electronic City,Residential,2007,9,69.94681179,591.3481289,27.31642098,71.0277429,25.54258008,8,0,14.34480658,30-01-2023,Under Maintenance,High,146.7930827,159,14620.8164,104.24915253703503
594,Bangalore,Malleshwaram,Commercial,1975,4,170.3230594,1500.0,28.52826082,49.58481245,100.0,8,0,8.1502176,02-12-2022,Closed,Medium,201.8769972,107,11289.26788,158.3577291327895
908,Bangalore,Hebbal,Commercial,2013,12,50.0,598.4753479,53.6057658,79.52783285,99.30607997,5,0,5.201512204,12-07-2023,Closed,High,182.2742091,26,9808.846348,88.49098941720538
1031,Bangalore,Malleshwaram,Industrial,2006,12,136.051296,449.1867607,11.19268889,76.99609123,53.47672113,11,1,12.73359919,06-10-2023,Closed,High,66.57079631,91,14359.0088,80.40422894031207
718,Bangalore,Yelahanka,Industrial,2010,1,50.0,407.2336041,9.430256429,83.9829629,8.652800654,10,1,9.293801829,04-12-2021,Closed,High,131.8193894,442,6724.91553,54.71605802413072
588,Bangalore,Malleshwaram,Industrial,2001,13,50.0,1500.0,25.1451973,96.15601532,17.53659955,2,0,5.920272285,19-10-2021,Operational,High,191.5167908,77,14502.63799,96.47107946952123
1224,Bangalore,Electronic City,Institutional,1984,13,81.6385714,762.2542631,9.650568719,55.52112823,100.0,3,1,7.850261129,14-10-2021,Operational,Low,140.7356171,53,14020.62807,59.99752237951146
182,Bangalore,HSR Layout,Industrial,1995,1,193.9642798,201.3256499,42.75395598,97.33014516,5.964617076,4,0,6.079601967,11-01-2023,Closed,High,96.4553751,412,9101.802828,165.46358476209443
820,Bangalore,Whitefield,Institutional,1975,12,243.5711867,1413.671748,37.59652162,93.69134118,27.034337,4,0,7.760636543,19-05-2023,Under Maintenance,Medium,124.1355775,32,17973.97353,182.70293336369815
514,Bangalore,Malleshwaram,Industrial,2007,10,50.0,200.0,30.13925645,66.64907443,56.61519089,4,0,6.894137055,09-08-2022,Closed,High,121.1614335,178,11857.95468,91.76180131285834
110,Bangalore,Banashankari,Commercial,2003,3,50.0,730.3667819,33.97824552,88.16586678,5.736377193,3,1,11.62985688,02-11-2023,Under Maintenance,Medium,54.06143924,305,18513.68336,37.878836151704796
370,Bangalore,HSR Layout,Industrial,1977,12,50.0,200.0,17.68991183,93.52450448,58.71756027,4,0,14.23991367,02-01-2024,Closed,High,151.2255087,161,17557.515,96.47932346049473
458,Bangalore,Indiranagar,Industrial,1984,7,50.0,966.5002845,32.95413394,60.36020599,18.5814232,5,0,5.037982338,15-08-2023,Closed,Medium,122.3175347,482,21099.66488,100.4973246253641
239,Bangalore,Indiranagar,Institutional,2010,6,50.0,200.0,13.19249822,85.15350136,55.96430342,3,0,13.64451674,05-09-2021,Operational,High,192.6216667,454,22448.17642,110.39213201638111
848,Bangalore,Banashankari,Commercial,1999,11,104.6320298,1500.0,22.84436453,85.53770208,92.67888884,3,0,10.53060946,12-11-2021,Closed,High,118.1130008,378,13140.26368,126.04306505194342
1100,Bangalore,Electronic City,Residential,1971,3,50.0,1010.86531,8.163153775,83.99610986,65.50795102,6,0,5.072558389,24-12-2023,Closed,Medium,199.9005055,38,9945.972147,99.65745869569827
1137,Bangalore,Indiranagar,Institutional,1998,8,102.5230566,918.9797611,27.38127378,78.23656048,100.0,2,0,11.72360121,17-01-2024,Closed,High,88.61960924,453,18659.71357,123.45486886351503
204,Bangalore,Jayanagar,Commercial,2022,3,69.93704602,200.0,7.959360175,81.14457305,43.84339414,11,0,5.000803076,27-09-2021,Closed,Medium,81.1165316,389,12718.48304,108.34685840471455
1114,Bangalore,Electronic City,Residential,1970,4,134.8191786,860.8557571,54.26413893,85.41378071,100.0,4,0,5.621872418,28-06-2022,Operational,Low,157.5209453,380,21669.80696,138.85471823261787
992,Bangalore,Electronic City,Residential,2014,11,50.0,874.2059392,22.43050006,42.11329427,100.0,2,0,7.164339511,27-01-2024,Operational,High,137.6411309,444,12838.83574,103.17688013269702
261,Bangalore,Malleshwaram,Industrial,1970,7,250.0,379.8854231,8.134072281,51.36259921,3.289639697,4,0,10.87054564,03-09-2023,Operational,High,147.0237322,334,11276.08575,203.581932771391
541,Bangalore,Malleshwaram,Institutional,2006,10,69.88857769,1337.251919,68.27518229,57.76324745,80.81796886,8,0,8.545989026,24-05-2022,Operational,High,93.51465727,420,19163.74444,98.66308563921191
857,Bangalore,BTM Layout,Industrial,1981,6,95.81786899,1500.0,48.40258636,64.61394177,37.90329455,8,0,9.936667907,06-11-2023,Under Maintenance,Low,173.5707778,138,3160.303673,115.07935558723202
909,Bangalore,Jayanagar,Residential,2016,11,71.63097122,1381.610694,18.25538095,96.44666012,36.14725617,6,1,5.207839913,18-01-2024,Closed,Medium,258.1627362,160,18879.48774,67.81621643532729
339,Bangalore,Hebbal,Residential,2010,10,50.0,379.3268584,25.58557033,97.83473799,34.55488168,12,0,5.961565288,30-03-2022,Under Maintenance,High,121.8137724,244,16292.00858,94.40591579008013
723,Bangalore,Koramangala,Residential,2013,4,202.708973,729.9745937,19.80856884,84.20128193,57.03628257,7,0,6.641378744,22-04-2023,Closed,High,187.1632047,131,15993.21776,175.19708038281357
598,Bangalore,Banashankari,Industrial,2012,5,50.0,1500.0,5.402368872,60.20652377,72.0796562,6,0,8.77254706,18-01-2024,Under Maintenance,High,127.785337,20,19602.86853,92.69599468751944
528,Bangalore,Malleshwaram,Institutional,2021,11,50.0,293.9290402,20.55660388,88.8730703,17.09246759,16,0,6.295675624,30-07-2023,Under Maintenance,Low,162.9861251,196,10563.00646,98.1785610296074
183,Bangalore,Koramangala,Commercial,1993,2,157.375028,329.7615711,10.84571385,75.31288803,1.979229084,13,1,10.04556678,26-10-2023,Closed,High,174.1236208,286,8646.217725,107.75760442591593
137,Bangalore,Malleshwaram,Residential,2009,7,91.05652327,200.0,28.25750745,67.32351696,24.40368101,7,0,5.059682583,18-04-2024,Under Maintenance,High,133.8969242,342,13815.2043,118.85321739437161
1207,Bangalore,Hebbal,Commercial,1987,5,88.56224811,984.1262058,54.43911094,73.40719614,53.58873453,8,0,5.809163087,12-02-2022,Operational,Low,116.8549541,103,16125.96164,103.43472531784526
1081,Bangalore,Banashankari,Commercial,2014,7,50.0,200.0,11.00129318,93.91661718,6.397036896,13,0,6.251049106,22-11-2022,Operational,High,132.5371148,480,22979.89868,105.51428667060786
1216,Bangalore,Koramangala,Commercial,1987,11,50.0,502.7545217,34.68858748,91.15700144,4.7928354,7,0,5.054308944,23-04-2023,Under Maintenance,Medium,116.3254688,237,10568.23261,91.89325936838065
80,Bangalore,Whitefield,Institutional,1978,12,149.1397179,243.1494897,64.76793134,68.61179597,2.573455217,8,0,5.46231768,25-02-2023,Closed,Low,139.0164056,497,6230.085896,145.74179528311242
545,Bangalore,Jayanagar,Commercial,2022,11,50.0,200.0,31.74925344,73.11788442,8.112216625,6,0,12.85395371,11-09-2021,Operational,High,110.1552372,392,10097.26836,96.69449419044761
862,Bangalore,Jayanagar,Residential,2014,7,111.4736482,203.6165003,30.6274176,67.70084735,100.0,1,0,6.138583812,13-12-2022,Closed,Medium,227.3752601,132,4472.095844,131.63185811315032
826,Bangalore,Banashankari,Residential,1979,8,63.77656663,272.8541664,32.24141576,87.41531898,19.59604719,5,0,5.877682537,31-08-2023,Closed,Low,228.9786073,16,13964.51594,103.94370770185355
29,Bangalore,Jayanagar,Industrial,2019,10,50.0,207.2777869,43.87585011,73.71630778,21.42342753,3,0,8.349638221,09-12-2021,Closed,High,135.4153125,68,16314.70389,87.06919815123362
1039,Bangalore,Whitefield,Industrial,1990,4,56.81405721,218.2775504,2.97646419,79.15205569,38.74442707,6,0,10.5028928,09-10-2021,Closed,Low,202.3549151,34,20991.5022,104.27570672316077
852,Bangalore,HSR Layout,Commercial,1989,8,50.0,200.0,36.10315518,74.54623149,30.58959755,8,1,24.45638859,21-02-2022,Under Maintenance,Medium,118.1306436,18,11325.62967,35.38697101256741
471,Bangalore,Yelahanka,Industrial,2019,7,250.0,200.0,21.67255914,61.56293928,35.18870028,3,0,6.440510514,27-06-2022,Closed,Medium,50.0,341,16252.21297,189.77025295552207
990,Bangalore,Koramangala,Industrial,2010,9,240.9782346,1500.0,42.78170514,71.27358933,100.0,4,1,6.407988939,25-09-2021,Closed,Medium,160.4191404,261,9421.098216,141.0919544184378
165,Bangalore,Yelahanka,Institutional,1990,3,135.2733596,827.5143616,28.66003283,89.45738019,24.93793208,5,0,14.48532083,05-11-2022,Operational,Low,170.6390463,31,10124.22027,135.0040040667825
248,Bangalore,Whitefield,Residential,2011,5,248.5301607,200.0,12.1871994,86.49163142,2.053486303,3,0,6.717679509,11-03-2023,Under Maintenance,Medium,238.272712,357,9532.206572,211.4999953572055
307,Bangalore,Koramangala,Commercial,2014,5,50.0,200.0,11.88340082,77.77893181,12.91751824,7,0,5.26042101,20-10-2023,Closed,Low,120.4214306,368,13929.11948,100.92767357372085
849,Bangalore,Jayanagar,Commercial,2009,3,135.7228986,504.1321959,18.1271684,92.23923331,27.20068237,4,0,7.904052241,19-04-2023,Under Maintenance,Low,123.4501522,407,18454.43564,143.86863851189088
523,Bangalore,BTM Layout,Residential,1978,5,138.4434906,1500.0,28.51528918,76.12849695,61.6014751,4,0,5.087717961,09-07-2022,Operational,Low,178.5299334,342,22537.83727,146.8703958374658
334,Bangalore,Koramangala,Residential,2021,10,50.0,1321.539949,15.19868742,88.1443499,5.675618812,3,0,26.29576128,24-11-2021,Closed,Low,198.7559867,352,14026.79318,107.51441768408876
97,Bangalore,Koramangala,Industrial,2020,10,50.0,200.0,37.16785287,64.80817205,23.7231562,4,0,5.151118302,03-01-2024,Closed,High,163.0527636,337,3531.513749,99.33362406639944
533,Bangalore,Malleshwaram,Residential,1987,3,60.79886945,1013.907631,33.52880651,82.75814403,29.66781887,4,1,5.283927224,19-11-2023,Closed,High,89.44919001,374,15435.68043,49.03101098388771
1049,Bangalore,BTM Layout,Commercial,1984,13,50.0,413.7906434,27.80058305,72.9445374,12.37433561,1,0,12.80541307,07-12-2021,Closed,Medium,219.0045677,372,11773.03453,107.77089478673724
874,Bangalore,Koramangala,Institutional,1993,3,50.0,1500.0,41.48041914,73.79496376,32.22602128,4,0,9.220001471,30-01-2022,Closed,High,148.3436514,228,10895.66366,93.64033167003102
868,Bangalore,HSR Layout,Residential,2003,13,250.0,200.0,38.97338652,72.78267286,2.62691482,1,0,6.272057303,22-12-2021,Closed,High,182.9272136,12,14092.15273,191.13021733076417
746,Bangalore,Hebbal,Industrial,2008,11,72.64976135,1500.0,33.28198423,98.73944912,33.45732906,4,0,5.936473803,20-03-2024,Closed,Medium,159.3383382,124,7737.372768,104.3349231601854
615,Bangalore,BTM Layout,Commercial,2005,8,190.252016,1500.0,12.28652688,85.76330416,45.22766621,2,1,5.540592089,19-08-2022,Operational,High,156.4610591,401,14871.48884,125.48717549227615
1189,Bangalore,Electronic City,Industrial,2010,13,184.7386493,200.0,41.47956238,84.91309977,44.08879029,3,0,12.41887985,14-11-2022,Closed,High,101.5827773,370,16794.14266,160.4825589019818
302,Bangalore,Banashankari,Commercial,1992,7,58.3432832,513.0906644,29.00371834,80.39561747,24.40449628,5,0,11.41611317,16-12-2021,Closed,High,187.3646803,228,8838.43737,104.1434097829163
1212,Bangalore,Jayanagar,Residential,1984,4,50.0,976.5874838,47.3650833,86.41609693,7.414767001,2,0,7.026880315,12-11-2023,Under Maintenance,Medium,114.0796367,64,11011.33063,83.99078604285401
388,Bangalore,Whitefield,Industrial,2022,8,104.1567297,1467.196489,28.18150925,77.26959855,72.44263239,7,0,5.816876927,15-05-2022,Under Maintenance,Medium,197.5211919,14,20603.79317,121.84148620543027
235,Bangalore,Yelahanka,Residential,2014,7,96.13213523,200.0,5.502236332,67.61192645,4.586151009,12,0,6.199911943,04-05-2024,Closed,Medium,181.6959511,442,19104.51653,133.71909619569007
906,Bangalore,Indiranagar,Commercial,1976,6,250.0,200.0,42.46744088,92.53657281,13.77186603,7,0,7.133218273,01-01-2024,Under Maintenance,Low,82.00719295,174,17270.17548,185.00186539100042
772,Bangalore,Malleshwaram,Commercial,2001,10,50.0,1500.0,39.38046876,71.5078739,4.048902989,3,0,5.34234195,08-07-2024,Under Maintenance,Medium,181.620387,312,18209.05378,99.9308662042776
305,Bangalore,Jayanagar,Residential,1998,3,250.0,200.0,31.24873428,86.28055569,1.757182346,2,0,5.180694842,16-05-2023,Under Maintenance,Low,155.8663692,444,14122.26041,202.7940845036439
884,Bangalore,Banashankari,Commercial,2021,10,241.3527641,1270.659845,53.33340568,57.14512964,13.408578,4,0,5.525281598,24-07-2022,Under Maintenance,High,184.0945745,432,10079.84291,196.80770706573156
1001,Bangalore,Koramangala,Institutional,1989,9,117.1004769,1500.0,34.27972121,90.48055515,91.89858851,2,0,13.07933159,18-04-2023,Closed,Low,196.2316841,395,15195.32255,138.26265707106387
249,Bangalore,Yelahanka,Industrial,2009,10,143.8040263,597.0638166,11.9261032,98.04382614,0.821539929,5,0,6.420349949,29-06-2022,Closed,Medium,170.2490855,302,24061.78146,150.62126280340476
1023,Bangalore,Yelahanka,Institutional,1976,9,250.0,1056.197431,11.10974921,87.53443578,25.43861109,9,0,5.221284217,01-05-2023,Closed,Medium,257.1135179,89,9574.104739,206.28405759325932
71,Bangalore,Electronic City,Commercial,1976,10,50.0,200.0,12.5340255,55.04820491,32.05963336,9,0,5.277257376,28-09-2022,Under Maintenance,High,226.9018283,164,8785.869708,105.55289568322985
94,Bangalore,Electronic City,Commercial,1975,10,110.5417475,407.2613714,48.60781403,89.42823071,9.927834424,10,1,5.912839219,12-03-2024,Closed,Medium,130.3945923,73,13815.84271,65.8844878712392
1160,Bangalore,Yelahanka,Industrial,1992,13,250.0,1165.631439,44.51182373,86.97501575,73.39788714,7,0,5.382356805,12-04-2023,Under Maintenance,Medium,50.0,453,6891.992885,187.32085652213215
33,Bangalore,Electronic City,Commercial,2019,6,223.0265845,200.0,5.123054705,85.40186986,10.85987307,7,0,7.011421765,07-02-2022,Operational,Medium,97.11445355,362,11926.56104,186.2061079656205
834,Bangalore,Malleshwaram,Institutional,2011,5,103.4832064,773.710586,33.94824642,60.32095868,43.92472408,7,0,15.55716504,25-09-2023,Under Maintenance,High,148.2657556,229,26909.91185,122.0453198922661
448,Bangalore,Indiranagar,Commercial,2015,9,50.0,1500.0,58.62799938,82.26723105,20.44299645,4,0,8.33729844,03-01-2023,Under Maintenance,High,124.3066541,163,2976.281017,85.77239322681653
445,Bangalore,Hebbal,Commercial,2013,3,220.6623403,200.0,38.59281633,58.11876557,6.292723033,6,0,6.774220395,07-07-2024,Under Maintenance,High,183.4836274,465,16953.60688,190.3297819724502
1200,Bangalore,Whitefield,Residential,2020,13,212.9858597,315.0501067,29.94488818,55.96388805,100.0,1,0,10.48625615,27-10-2022,Closed,Medium,156.2612251,41,15554.72399,172.8004358467395
861,Bangalore,Banashankari,Industrial,1978,7,90.57519754,225.6663163,8.80859219,88.72733024,53.19426602,6,0,9.864572534,23-02-2022,Operational,Medium,74.21279425,61,19761.60201,107.88988645461383
738,Bangalore,Hebbal,Commercial,1978,13,86.74123217,574.2105041,57.98862349,84.87768092,1.118311687,9,1,11.91622986,05-04-2023,Under Maintenance,Medium,233.2737222,208,6330.438015,66.4914868001129
77,Bangalore,Jayanagar,Residential,2018,3,50.0,467.7639293,32.58849754,61.37685146,3.158605933,3,0,5.171142924,11-03-2023,Closed,Low,135.0496325,250,18852.13386,94.87349522507067
84,Bangalore,BTM Layout,Residential,1998,3,50.0,1104.191993,32.97622658,81.44429113,32.25122133,3,0,16.31669756,02-05-2022,Closed,High,109.5753199,316,10844.76076,94.02784375823406
585,Bangalore,HSR Layout,Residential,2014,12,50.0,1068.505891,27.47130975,83.70099774,24.83558998,1,0,7.898547153,19-07-2024,Closed,High,162.4110293,302,18464.28937,99.96983100410169
82,Bangalore,Yelahanka,Commercial,1981,5,50.0,200.0,17.5818612,58.34146921,16.55559522,3,0,50.34843711,05-06-2022,Operational,Medium,223.8947022,427,19933.4561,112.09968329160759
457,Bangalore,Jayanagar,Institutional,2018,1,50.0,243.394962,30.68442521,83.52651584,18.6319424,2,0,7.626189902,20-02-2023,Under Maintenance,Medium,98.23788388,248,17565.73602,91.29163818750314
1209,Bangalore,HSR Layout,Industrial,1971,10,250.0,513.7946949,14.2884561,78.6827758,100.0,7,0,6.256383068,01-10-2023,Under Maintenance,Medium,237.4788372,479,21507.55682,215.47336473793473
436,Bangalore,Electronic City,Commercial,1978,11,50.0,1500.0,76.90219225,74.48416751,78.26052863,11,0,5.204086648,20-09-2023,Closed,Medium,231.4307773,145,15976.48328,92.36779760275647
636,Bangalore,BTM Layout,Industrial,1970,13,114.0910199,200.0,26.21214093,74.47623595,71.0541217,6,1,7.680285166,04-09-2022,Operational,High,191.1585292,263,11719.04632,84.06417232430957
973,Bangalore,Indiranagar,Institutional,2007,12,50.0,276.9318349,47.89420464,83.89747223,100.0,6,0,5.419976881,24-01-2022,Closed,Medium,117.368801,187,9954.819182,87.92906445318805
404,Bangalore,Koramangala,Residential,1993,9,50.0,200.0,30.81893838,70.69221454,22.47196566,2,0,8.891071157,15-10-2023,Under Maintenance,Low,127.4967264,128,12389.3429,90.71896282120379
1089,Bangalore,Banashankari,Institutional,2015,10,50.0,542.9146642,7.707171241,51.5955024,100.0,3,0,10.26014079,26-06-2023,Under Maintenance,Medium,140.1825075,446,21826.13034,106.3408614823751
682,Bangalore,Indiranagar,Commercial,1977,1,50.0,822.4818931,29.16179093,84.21322415,100.0,6,0,11.30881746,10-06-2024,Closed,High,123.7739867,40,19586.59114,87.90290824110113
1188,Bangalore,Electronic City,Institutional,1985,9,53.70786246,779.5934969,65.3875572,74.82241232,89.55007613,3,0,6.284226502,30-10-2023,Closed,High,177.502605,117,16061.09564,90.28845616192277
104,Bangalore,Electronic City,Commercial,2019,6,178.5949147,200.0502911,21.75235174,53.37686766,26.56925247,11,0,7.441027453,21-05-2022,Operational,Medium,141.9357144,57,17372.41348,156.31678976706993
583,Bangalore,Yelahanka,Institutional,2017,12,50.0,1378.616628,11.48349842,62.17732759,26.30689895,4,1,30.29244487,06-10-2023,Under Maintenance,High,263.5346429,381,8642.204649,65.86499132912198
654,Bangalore,Malleshwaram,Industrial,1973,3,84.75519741,1369.373461,12.70080829,67.31888248,46.90691841,8,1,17.13588723,11-03-2023,Under Maintenance,Medium,278.6679902,199,19116.23751,79.0010472384493
62,Bangalore,HSR Layout,Institutional,1994,13,132.3418399,237.9515049,31.49147251,91.14335321,83.57917415,6,0,5.20843219,29-05-2023,Under Maintenance,Medium,94.6832513,412,9102.214892,136.78951704586984
281,Bangalore,BTM Layout,Institutional,2002,9,50.0,282.7394283,17.35693609,91.32193072,31.98295749,5,0,5.334214992,19-04-2022,Closed,Low,183.1065337,399,7781.149722,106.89604684740522
716,Bangalore,Yelahanka,Commercial,2016,13,250.0,203.924738,29.41407531,59.90971386,22.02894583,1,0,6.277152786,21-07-2024,Closed,High,155.7113824,49,13350.58057,191.5592260427102
238,Bangalore,BTM Layout,Institutional,2008,7,77.77265897,200.0,43.32725763,55.30856883,74.50534082,6,0,5.360475396,09-01-2024,Under Maintenance,High,116.9106768,292,17030.79415,106.11885994685805
223,Bangalore,Koramangala,Institutional,2008,8,50.0,200.0,29.97716428,53.58594484,24.17956626,4,1,6.556900493,21-04-2023,Closed,Medium,69.36420644,229,12123.0456,38.27512833965175
145,Bangalore,Yelahanka,Residential,1991,13,50.0,529.6229652,16.51364097,51.68160304,15.416024,4,0,17.28348654,14-11-2021,Closed,High,189.0911436,226,20599.33315,102.86957013448655
1165,Bangalore,Banashankari,Industrial,1998,5,250.0,1500.0,43.31289614,49.49110842,47.73477634,4,0,6.730176917,07-06-2022,Operational,Low,271.9876203,112,6101.297444,202.40127171949638
373,Bangalore,Indiranagar,Residential,2001,6,86.16561544,948.3610282,55.06163087,62.14622943,83.13990907,7,1,13.08170938,07-03-2023,Operational,Low,197.9635413,327,12963.99019,67.05537338212602
118,Bangalore,Hebbal,Commercial,1987,8,167.3110054,200.0,56.42227587,83.98481229,7.815490937,6,0,12.18173766,29-11-2023,Operational,Low,207.1411407,135,15798.43981,152.29531347567513
875,Bangalore,BTM Layout,Commercial,1978,12,50.0,1102.379372,36.31494229,73.71773904,29.10353022,6,0,9.161822813,11-12-2022,Operational,Low,239.7278932,111,9469.657735,100.30262346918894
250,Bangalore,Malleshwaram,Institutional,1972,1,50.0,219.6174164,15.04833251,62.31355153,27.98649087,3,0,7.434132769,09-05-2023,Operational,Low,86.95580228,80,7372.100374,88.46277821102477
1203,Bangalore,Hebbal,Residential,2006,9,58.64786553,426.6024955,24.51948994,99.13510143,81.04593359,10,0,5.094397151,25-10-2022,Operational,High,177.1649015,128,17321.37323,100.98517390788193
9,Bangalore,BTM Layout,Residential,1991,3,92.34375463,261.6616297,14.32886109,50.74793798,9.832452991,5,0,6.709357251,27-10-2022,Closed,Low,177.1280022,298,8982.737877,125.45142593512982
449,Bangalore,Indiranagar,Institutional,2023,6,50.0,797.4627666,14.89716264,73.62569624,89.79326127,6,1,6.781582391,26-08-2022,Under Maintenance,Medium,97.03932391,365,15079.57482,47.938242900155245
1198,Bangalore,Indiranagar,Industrial,2000,7,207.7353985,200.0,29.49336164,91.33143988,38.07611637,4,0,5.134096614,09-12-2023,Operational,Medium,161.1957067,84,7431.312089,171.6952831935233
389,Bangalore,Whitefield,Commercial,2013,13,123.3156887,785.1927291,4.83681533,84.71858083,67.38973411,9,0,18.85339629,30-10-2023,Operational,Medium,121.1548172,149,13101.73205,132.42877719738797
677,Bangalore,Yelahanka,Commercial,1970,13,76.08869906,655.7991619,45.05017206,74.33817814,11.23434536,1,0,7.838921865,12-02-2022,Operational,Medium,237.6135222,348,22941.68979,118.49228555371812
984,Bangalore,BTM Layout,Residential,1970,13,195.3971115,1102.03218,35.13515407,97.5622886,33.73972647,8,1,5.749039666,01-12-2022,Under Maintenance,Low,149.819873,424,17701.72457,123.39788935454716
557,Bangalore,BTM Layout,Industrial,1985,1,50.0,204.8071551,25.99727866,97.80723353,11.88270489,1,0,7.324685431,16-02-2023,Under Maintenance,Medium,128.3720906,313,16774.13415,97.0496809936019
460,Bangalore,Malleshwaram,Institutional,1972,3,50.0,200.0,41.56086655,98.42353443,4.856123341,3,0,18.19645047,06-10-2021,Under Maintenance,Medium,248.2362566,444,20762.68505,109.84721701028195
1150,Bangalore,Indiranagar,Institutional,1997,9,184.8367981,416.4312671,42.88108038,96.86609151,100.0,4,1,6.618946599,22-11-2022,Closed,Medium,100.4303825,414,18170.38331,111.33656031161847
144,Bangalore,Koramangala,Institutional,1995,8,50.0,200.0,38.5438923,75.60990499,24.42841469,3,0,7.302732062,30-06-2023,Operational,Medium,162.9941397,219,12462.82444,95.40453646134212
501,Bangalore,Malleshwaram,Industrial,1998,5,57.60588258,242.3287561,16.75488736,84.83257008,16.98606468,2,0,5.50934438,18-05-2023,Under Maintenance,Medium,245.470832,293,14776.48592,113.94072131955065
1153,Bangalore,Jayanagar,Commercial,1995,7,170.9811438,372.8297255,10.40977453,68.35013989,97.6039185,3,0,15.46348916,25-05-2022,Closed,Medium,83.84551033,56,13275.69873,148.78966662806255
539,Bangalore,Hebbal,Industrial,1988,13,50.0,730.658042,38.72984248,93.32848678,37.82173748,3,1,21.49039354,13-10-2021,Closed,Medium,121.1554065,209,20412.55196,40.70628728858426
177,Bangalore,Banashankari,Residential,1990,11,50.0,909.7922396,15.82883465,76.81871323,53.84388316,5,0,6.239786546,21-11-2022,Closed,Medium,222.6767039,196,14031.8632,105.2137163234866
1205,Bangalore,HSR Layout,Commercial,1990,1,220.7173384,200.0,40.85736467,71.8692286,45.54369456,2,0,7.794389197,18-04-2022,Closed,High,152.0295846,344,15370.6702,182.99146243601942
756,Bangalore,Jayanagar,Residential,2003,5,145.1663261,597.3640989,12.13192379,93.29939201,46.22867745,1,1,15.95041636,21-10-2022,Under Maintenance,High,174.665895,259,15591.08936,100.46037387630443
631,Bangalore,Jayanagar,Institutional,1971,8,250.0,1500.0,56.23673378,91.88976021,64.01787218,9,0,6.776888135,28-03-2022,Operational,Low,226.477516,412,14879.88436,203.84150723920305
1244,Bangalore,Yelahanka,Industrial,1981,3,214.7088169,715.9562656,4.616589202,84.1914288,62.74037815,5,0,6.323866471,11-08-2023,Operational,High,117.5361227,281,11575.16765,181.77278859626998
7,Bangalore,Whitefield,Industrial,2013,10,150.8423148,202.942804,27.50212179,88.80927414,31.25254177,5,0,5.968922586,05-08-2022,Under Maintenance,High,188.3717365,90,10084.28437,146.56981394636455
855,Bangalore,Electronic City,Commercial,2012,12,50.0,380.9115448,9.866413522,71.77498513,83.00399408,3,0,5.065220775,26-06-2022,Closed,Low,121.4626853,154,15559.88383,95.07523597555262
921,Bangalore,Banashankari,Institutional,1994,12,100.2480494,200.0,50.01149632,78.3174637,79.92064782,3,1,6.119705602,05-11-2021,Under Maintenance,Low,98.67423503,46,17482.00498,56.585974301944695
357,Bangalore,Koramangala,Commercial,2015,7,66.10105334,483.3666126,7.847092732,75.09620878,3.962444896,11,1,15.71358754,27-02-2023,Operational,Low,135.5670681,469,11464.49707,64.3568528411993
329,Bangalore,Whitefield,Institutional,1991,2,50.0,237.358624,8.705317648,63.93212132,21.16251514,2,0,6.765054155,20-05-2024,Under Maintenance,High,181.4172755,484,16939.43859,111.28134280352141
764,Bangalore,Malleshwaram,Commercial,1973,1,50.0,760.1862811,10.57930041,90.77816163,100.0,4,1,6.712654245,08-01-2023,Closed,High,207.4636663,335,21396.76338,58.77272493312838
905,Bangalore,Koramangala,Residential,2019,11,250.0,274.2712183,19.91342513,80.9907587,4.801753984,1,0,5.251821024,21-06-2023,Operational,High,152.3218274,20,19665.90386,192.03959012778074
258,Bangalore,Yelahanka,Industrial,2020,6,63.30842523,280.8754075,27.48008891,92.9328341,49.53686526,8,1,7.669043902,15-10-2021,Under Maintenance,Low,172.1909714,135,21877.84196,52.497963632731135
949,Bangalore,Jayanagar,Industrial,2003,6,136.4766465,478.6820564,12.91635194,56.974176,4.035197127,3,1,5.452405837,05-08-2022,Closed,Low,162.1669725,110,17753.07482,90.60200834861345
974,Bangalore,Jayanagar,Commercial,2001,11,50.0,200.0,33.65169039,70.40768251,54.33834742,3,1,7.844549013,03-02-2022,Under Maintenance,High,127.6908283,323,20911.75066,46.02466793082609
842,Bangalore,BTM Layout,Commercial,1985,2,50.0,227.8627431,17.86311209,86.41935473,24.80251614,6,0,17.97880043,07-04-2024,Operational,Low,93.86389892,83,6468.124169,88.4395739268885
649,Bangalore,Banashankari,Industrial,1975,13,103.5054633,1500.0,37.67594975,96.70871714,100.0,5,0,6.772565309,31-08-2023,Operational,High,184.8103182,284,15669.70148,126.25148635266709
904,Bangalore,Yelahanka,Commercial,1986,5,82.07794776,200.0,44.35579239,89.03733626,10.49802991,2,0,7.716824652,04-06-2024,Closed,Medium,159.5549534,404,22719.38581,115.35293737949952
525,Bangalore,Yelahanka,Industrial,1983,6,50.0,378.9306256,16.18287264,66.14133897,83.81920491,5,0,9.656789185,03-11-2021,Operational,Low,59.75589497,207,15127.83909,89.2876015789774
887,Bangalore,Hebbal,Residential,2003,3,50.0,1314.891294,10.81045975,80.40048481,32.66695516,12,0,6.705820383,31-03-2024,Under Maintenance,Medium,132.0353955,482,16249.59497,105.6974427479647
712,Bangalore,BTM Layout,Institutional,2011,6,95.67849661,1500.0,31.11013314,68.31187504,3.459598488,5,0,6.616765706,03-09-2022,Under Maintenance,Medium,122.7540457,217,8590.739213,115.71950749255525
816,Bangalore,BTM Layout,Commercial,2004,2,134.207068,224.8497337,16.72052715,70.59938181,16.40125603,6,1,8.763290729,05-12-2022,Under Maintenance,Medium,163.3525133,248,20696.47112,92.82868608124629
1187,Bangalore,Jayanagar,Commercial,2003,4,50.0,416.1021376,52.4191907,55.61988346,0.849868103,4,0,14.14098976,20-06-2023,Under Maintenance,Low,138.7683425,162,19029.4673,88.69679727541488
440,Bangalore,Yelahanka,Industrial,2005,4,50.0,200.0,70.98734215,90.97295426,23.34329036,5,0,6.144499175,15-08-2022,Operational,Medium,169.2032724,209,10735.60895,89.08312927209654
531,Bangalore,Indiranagar,Residential,1992,5,250.0,1500.0,27.44161903,97.72694024,70.0306616,2,0,6.895525827,16-05-2022,Under Maintenance,High,66.92399689,64,21322.54141,183.1468064802552
226,Bangalore,Koramangala,Industrial,1995,13,250.0,494.8373529,18.05592159,87.28266487,14.60389873,1,0,8.478005657,13-07-2022,Closed,Low,153.214001,417,16632.80715,204.3473891287773
228,Bangalore,Whitefield,Industrial,2002,8,166.9541408,479.5696429,7.281899909,48.70521618,15.50599766,13,0,9.243926436,12-05-2024,Closed,Medium,114.2348145,428,16883.17688,161.79711971010016
1084,Bangalore,Jayanagar,Residential,1983,10,250.0,200.0,9.436253126,80.86208563,50.77364587,4,0,5.330204841,14-02-2022,Operational,High,169.0967726,249,16038.3739,202.68380577965775
212,Bangalore,Whitefield,Industrial,1989,11,79.15811116,200.0,36.57573842,71.42986967,0.481879723,6,0,7.225675151,20-09-2021,Closed,High,197.7000882,205,11168.98455,113.469618016766
79,Bangalore,Yelahanka,Commercial,1976,5,50.0,206.8635326,40.9522715,23.85527458,17.97659497,2,0,5.227549317,29-04-2023,Closed,Medium,50.62155427,447,7117.950961,91.04314838119552
148,Bangalore,BTM Layout,Commercial,1994,13,50.0,288.029675,47.20108476,63.70117982,20.23116514,3,0,5.120691814,19-11-2023,Closed,Medium,176.0970783,389,13740.53625,100.20247907788448
845,Bangalore,BTM Layout,Industrial,1975,1,80.32516718,1500.0,14.16662828,63.84040977,15.7110999,10,1,5.695238577,27-09-2023,Under Maintenance,Medium,174.6225632,136,11370.82848,64.23311015634074
767,Bangalore,Whitefield,Institutional,1985,11,250.0,1500.0,50.87935657,89.52006283,100.0,4,0,18.51513257,22-02-2022,Under Maintenance,High,238.5400318,408,14421.73284,206.02293123587756
939,Bangalore,HSR Layout,Industrial,1974,1,128.8861003,1093.579684,52.66758281,59.27227049,100.0,7,0,5.148833504,22-04-2023,Operational,Medium,121.7960685,494,13437.54326,136.31641772941634
133,Bangalore,Yelahanka,Commercial,2016,8,50.0,200.0,50.66751559,73.39708527,0.584485398,3,0,8.94671284,09-03-2023,Operational,Low,173.6796215,107,15457.45713,90.71048818247591
850,Bangalore,Jayanagar,Industrial,2008,6,50.0,1500.0,3.986159414,76.30453057,100.0,10,0,5.259317553,29-10-2022,Under Maintenance,High,118.8429737,119,15879.89045,94.89402017937618
408,Bangalore,Jayanagar,Industrial,1994,13,176.8430473,200.0,32.04911752,93.80254217,1.178750097,5,0,6.828206149,29-03-2024,Closed,Low,156.0147816,262,16755.00577,160.53515288285948
1125,Bangalore,HSR Layout,Residential,2010,11,120.0622172,322.10952,22.39768269,81.06080396,57.6451006,2,0,7.761790006,21-07-2024,Under Maintenance,Low,92.68273035,406,12256.75219,132.18923705730657
507,Bangalore,Koramangala,Residential,1977,2,129.6745884,669.1456241,38.91487348,80.6298857,1.335464437,8,0,5.941263366,15-04-2023,Operational,Low,106.8004615,36,14169.51118,124.00806679860094
991,Bangalore,Malleshwaram,Institutional,2023,4,177.967323,200.0,29.10197812,85.03477656,88.15085729,8,0,8.016438171,26-09-2023,Operational,High,50.0,362,20546.13768,153.96424376827855
504,Bangalore,Jayanagar,Commercial,2022,10,86.57471877,1500.0,18.2307275,90.16388103,93.00152609,5,0,5.109662422,15-07-2023,Under Maintenance,High,117.4678715,67,14339.80157,108.49636222909086
730,Bangalore,Whitefield,Commercial,1977,6,50.0,205.9195127,64.41064884,81.29125112,44.08145824,3,1,6.951906064,15-03-2023,Closed,High,159.7922628,290,18849.12066,41.984183996288415
347,Bangalore,HSR Layout,Institutional,1998,5,50.0,200.0,28.32265027,78.28144598,100.0,3,0,10.8656735,21-08-2022,Closed,High,79.62681128,349,21146.84592,92.98533661431722
386,Bangalore,Indiranagar,Industrial,2009,5,50.0,200.0,18.06540756,84.48974859,6.460077066,5,0,13.18019086,18-11-2022,Operational,High,167.0877988,424,18424.6747,105.97080088098579
0,Bangalore,Yelahanka,Residential,1989,12,50.0,477.6817617,48.41726562,81.81410988,13.78063535,6,0,7.211768251,25-09-2023,Under Maintenance,High,174.8357077,360,16408.00877,98.78197654225616
360,Bangalore,Hebbal,Institutional,1974,10,50.0,636.2768449,11.64744528,83.22849872,15.94949442,6,0,7.655560956,24-07-2024,Operational,High,175.9673257,145,12112.21488,99.78495852800587
1180,Bangalore,Banashankari,Residential,1987,12,250.0,923.6751207,5.99593299,88.35481942,27.34771992,3,0,6.968392675,18-03-2022,Closed,High,158.9947076,468,8368.116769,208.8567359635674
475,Bangalore,Jayanagar,Institutional,1977,13,250.0,200.0,34.9971177,55.71443104,3.62669566,3,1,7.5953105,11-01-2022,Under Maintenance,Medium,137.548198,380,15810.16997,148.5982519518181
844,Bangalore,Malleshwaram,Industrial,1985,1,50.0,338.4673669,18.32217325,80.78268841,26.69384128,3,0,52.03976788,10-08-2022,Closed,Medium,158.3226104,395,21059.77026,104.20999950696527
838,Bangalore,Hebbal,Industrial,1989,6,130.3353576,1500.0,20.28160992,93.60638338,34.21356139,3,0,6.348733307,20-09-2023,Under Maintenance,Medium,199.2161199,396,16288.82277,147.9769049745829
818,Bangalore,BTM Layout,Institutional,1979,9,50.0,200.0,31.00513637,83.14042033,35.14221665,6,1,6.734419918,31-07-2022,Under Maintenance,Medium,154.1141995,287,22218.20738,47.98898846907713
172,Bangalore,BTM Layout,Industrial,2010,10,53.82229384,200.0,34.51062791,61.39522218,8.691580225,12,0,12.38184627,28-09-2022,Under Maintenance,High,146.1449145,291,16049.94097,98.73956056912948
450,Bangalore,Malleshwaram,Residential,1998,6,112.5931905,1500.0,7.386243675,65.92088631,27.45670015,7,0,11.42117106,27-08-2022,Operational,Medium,146.8660451,72,13746.54672,127.00674216553413
125,Bangalore,BTM Layout,Institutional,1996,6,50.0,613.8018005,56.25166933,88.36681113,20.76974873,9,0,5.763214856,03-09-2022,Under Maintenance,Medium,259.5227813,459,19764.90748,108.58827615174988
693,Bangalore,Malleshwaram,Residential,1976,9,50.0,1229.909384,24.15153862,90.2546616,100.0,4,0,14.76348824,01-03-2022,Closed,Low,180.7967803,497,19612.90982,108.2568236947213
530,Bangalore,BTM Layout,Commercial,2006,11,125.7088079,200.0,46.09005341,78.14247269,17.90194256,9,0,6.351552005,12-01-2023,Operational,Medium,181.9296229,321,16949.99194,136.67793083498685
90,Bangalore,Yelahanka,Commercial,1971,13,50.0,200.0,36.18595858,86.94744525,6.614592229,4,0,5.606039089,08-08-2021,Closed,Medium,154.8538775,237,13851.42203,95.4887215782402
1208,Bangalore,Indiranagar,Industrial,1981,4,50.0,671.185771,65.58560544,71.55148306,41.02819113,8,0,11.48419726,25-01-2023,Closed,Medium,79.86973641,107,16067.83467,78.36433772240153
181,Bangalore,Jayanagar,Residential,2020,3,50.0,217.4508206,18.87759284,52.1118369,1.608881449,6,0,5.69326243,22-02-2024,Under Maintenance,Medium,107.1421222,375,14450.73181,98.6675752809186
713,Bangalore,Koramangala,Institutional,1980,13,79.61367203,484.2371703,8.557242722,88.42374527,31.52161268,3,0,14.47502137,29-12-2022,Closed,Low,169.9568057,264,22397.30717,118.12683058966036
414,Bangalore,Jayanagar,Commercial,1997,7,74.94225603,1454.47898,16.56063988,87.84780419,64.34342184,4,0,6.822436733,12-06-2022,Operational,Low,166.6157006,285,16283.73631,114.49209205699795
251,Bangalore,Electronic City,Industrial,2006,3,50.0,200.0,31.58644589,81.91301305,11.08006595,3,1,14.59567586,15-09-2021,Closed,Low,195.8930974,107,24018.24298,46.662890426773885
69,Bangalore,Banashankari,Industrial,1990,9,250.0,200.0,42.88759572,87.12594867,66.56588897,6,0,5.090428792,20-06-2024,Closed,Medium,117.7440123,445,6418.364452,196.67562259627437
131,Bangalore,Yelahanka,Residential,1986,1,50.0,200.0,8.127069937,88.44400931,21.39427222,3,0,8.598965575,28-07-2023,Under Maintenance,Low,153.4281487,8,5782.991741,94.07296079353014
300,Bangalore,BTM Layout,Industrial,2003,2,50.0,907.260156,46.31007894,79.08419248,0.089835324,3,0,5.125878814,22-05-2023,Under Maintenance,Medium,108.5502495,81,14101.36818,84.23216723258965
724,Bangalore,Hebbal,Industrial,1998,12,128.1640716,354.8559901,26.33253363,92.46980988,6.034731781,6,1,13.52893368,24-07-2024,Operational,Low,158.5432719,429,26041.25214,92.61515816583972
326,Bangalore,Yelahanka,Institutional,1981,9,60.61728614,200.0,21.69946135,54.61742348,34.92643018,1,0,7.52478563,23-01-2024,Operational,Medium,207.9055437,287,19369.87238,110.82313093270034
1221,Bangalore,Indiranagar,Residential,1992,12,50.0,1500.0,3.169389677,34.83925579,22.00186285,1,0,6.910765366,27-02-2024,Closed,Low,165.4910355,401,15163.66239,108.59683305783514
859,Bangalore,HSR Layout,Industrial,1970,3,50.0,1500.0,16.55127729,97.66771366,42.07535901,3,0,5.332676136,19-05-2024,Closed,Medium,181.6465909,62,14545.6616,96.73772649417755
499,Bangalore,BTM Layout,Institutional,1989,4,250.0,200.0,36.78015253,96.98664784,58.11104395,8,0,8.627716983,04-11-2022,Under Maintenance,Medium,80.86001345,109,7533.785066,184.03010436077832
720,Bangalore,Koramangala,Institutional,1979,4,250.0,200.0,52.3004321,89.63357612,100.0,6,0,5.403045981,20-07-2024,Closed,Medium,165.3900884,459,17627.7284,199.9525866632603
1003,Bangalore,Jayanagar,Institutional,1983,10,197.6411669,1500.0,11.30613799,64.00840615,55.39903083,9,1,7.843318793,01-12-2022,Under Maintenance,Medium,117.6531611,351,21898.75032,124.21458790197214
495,Bangalore,Electronic City,Residential,2023,7,50.0,656.514721,28.99807201,82.40877136,9.889169959,3,0,16.49676223,07-09-2022,Operational,High,176.9455022,219,21352.52691,98.64084810282328
1162,Bangalore,Malleshwaram,Institutional,1981,3,61.22204738,664.7340823,23.19914798,81.32836909,32.45205249,4,1,8.072942555,21-01-2023,Under Maintenance,High,80.52137666,146,13747.85334,43.59004806928202
338,Bangalore,Yelahanka,Residential,1981,2,50.0,200.0,11.75951987,88.60648228,100.0,1,0,5.195445974,03-09-2021,Under Maintenance,High,170.6465727,303,18141.04006,103.91668847457812
421,Bangalore,Whitefield,Industrial,1981,4,116.9123274,1500.0,25.30145294,98.61473107,100.0,8,0,7.80460054,20-02-2022,Closed,Medium,237.7670421,415,18004.34457,144.63643001351602
164,Bangalore,Jayanagar,Industrial,2000,7,50.0,227.2542129,18.01315319,80.84441023,1.942910736,11,0,12.97136136,29-07-2024,Under Maintenance,High,198.1688065,394,18020.2383,108.2258059059216
28,Bangalore,Hebbal,Industrial,2008,6,67.3128541,200.0,13.22473709,98.05351268,8.557145461,6,1,5.592370958,17-08-2021,Operational,Medium,119.9680655,449,10466.03642,61.497751055605974
516,Bangalore,Yelahanka,Industrial,1992,5,50.0,1336.959878,36.2725914,75.11837404,10.51444663,5,0,10.83681788,02-01-2024,Operational,High,175.0458594,41,18967.92059,91.72888391772192
193,Bangalore,Yelahanka,Industrial,1971,5,75.20024396,200.0,19.08582876,69.62299891,10.89670465,1,0,14.24974827,24-05-2024,Closed,Low,87.71306106,478,14914.14281,112.19803234534007
1046,Bangalore,Malleshwaram,Industrial,1990,12,50.0,247.2682369,52.57226367,87.64469388,82.10775998,5,1,5.763657042,11-11-2023,Closed,Medium,182.6161439,400,22047.13315,49.87071471926709
846,Bangalore,Electronic City,Industrial,1997,3,50.0,861.7868409,24.69896509,81.78908268,51.96518424,4,1,6.288133182,01-01-2024,Under Maintenance,Medium,164.4584322,218,12533.21015,48.22815937473909
169,Bangalore,Indiranagar,Industrial,1988,2,67.03338034,814.8625962,8.371253398,92.37372938,7.441676018,8,0,11.70771381,19-01-2023,Operational,Low,112.3131918,478,7869.803353,112.49002137481256
1236,Bangalore,HSR Layout,Commercial,2018,2,250.0,660.5007925,15.68669084,71.03453094,49.84966004,12,0,11.87300238,24-04-2022,Operational,Low,233.8850407,8,6581.361533,200.7808205929822
652,Bangalore,HSR Layout,Residential,2011,10,132.5884587,1431.253067,44.09260939,64.64787975,47.41638229,1,0,6.424661591,25-11-2023,Under Maintenance,Low,136.5555655,312,14847.10734,135.84478522172583
173,Bangalore,BTM Layout,Industrial,2001,8,50.0,200.0,30.27693751,67.85827732,29.75958835,7,0,11.10458919,29-11-2021,Closed,Low,167.0575987,111,21619.12306,94.3017895988832
518,Bangalore,Hebbal,Industrial,2009,11,250.0,471.4258964,23.46008509,80.32421502,7.4583344,6,0,6.629571321,29-02-2024,Closed,Medium,154.9666153,245,23495.57509,198.35140235894613
1004,Bangalore,Hebbal,Industrial,2003,10,246.4190739,1500.0,10.98506979,65.85953743,100.0,2,0,5.373518929,01-02-2024,Operational,Medium,184.9111657,28,15167.71047,195.68504418576794
1131,Bangalore,Malleshwaram,Commercial,2022,6,102.7398726,1500.0,26.24160523,67.39852435,100.0,8,0,7.719598926,29-06-2024,Under Maintenance,Medium,171.0960377,36,18357.70967,119.63723378167641
491,Bangalore,Koramangala,Institutional,1983,12,72.59497716,1322.810323,27.30738354,93.45362765,9.415680027,4,0,6.829014911,18-03-2023,Under Maintenance,High,223.9972069,132,22252.8785,112.26119628995012
73,Bangalore,Electronic City,Residential,1970,6,126.7422583,200.0,47.98650616,89.66832181,15.77441916,7,0,10.32051224,10-02-2024,Under Maintenance,Low,228.2321828,437,13194.28783,144.81036297897003
1045,Bangalore,Banashankari,Institutional,1990,4,143.5134764,200.0,7.7016283,74.17946248,13.81485902,8,0,16.46933675,09-10-2023,Closed,Low,194.1829969,427,11525.43611,157.7029176026334
587,Bangalore,Banashankari,Institutional,1999,9,50.0,412.8938923,27.1606493,75.17365813,60.44461195,3,1,21.40687977,28-03-2022,Under Maintenance,High,107.5077815,430,18353.59161,48.46691171137604
657,Bangalore,Hebbal,Institutional,1989,13,67.66722382,458.7721413,40.370219,84.89083079,38.75220869,5,0,5.667561979,01-09-2023,Operational,High,148.7937456,315,9266.784582,105.24003436654999
234,Bangalore,Jayanagar,Commercial,1993,9,50.0,200.0,6.013776535,97.52737701,24.40861045,16,0,5.073765238,19-01-2022,Closed,High,257.1972045,497,12864.48492,119.45169136952661
214,Bangalore,HSR Layout,Residential,1986,8,93.40629667,1500.0,44.59510677,58.64781054,63.7588336,6,0,27.32831935,06-02-2022,Closed,High,134.2365378,89,9226.915878,109.29130265239827
162,Bangalore,Whitefield,Commercial,2014,6,75.28783704,200.0,76.84995436,58.42922713,0.310700084,11,0,14.39277872,14-03-2022,Closed,High,207.929779,293,32568.38157,107.27261327173703
132,Bangalore,Indiranagar,Institutional,1985,7,50.0,1046.147413,27.34937078,83.96579968,6.569735494,4,1,9.190289362,13-05-2023,Operational,Low,96.88481431,391,14143.93748,46.108949278569476
843,Bangalore,Electronic City,Institutional,1973,13,250.0,740.9300777,13.39587486,43.36829405,15.22948737,8,1,14.45866887,07-04-2024,Closed,Low,169.1204873,379,10133.48054,156.16919081842025
1115,Bangalore,Electronic City,Industrial,1973,4,130.1558768,200.0,18.68543301,65.86891404,100.0,2,0,12.72015472,25-08-2021,Under Maintenance,Low,168.2480501,368,16332.91668,144.54696766993112
1192,Bangalore,HSR Layout,Institutional,2020,12,63.67036973,1435.072138,3.301363363,84.92510796,64.19808539,5,0,11.01236523,11-03-2022,Closed,Low,119.9316178,252,9516.812457,105.87882289304393
185,Bangalore,Hebbal,Industrial,2006,4,80.90720543,200.0,29.62830298,59.71850526,41.61880744,1,0,5.077540018,15-02-2023,Operational,Medium,185.7000247,69,19578.6991,110.57075953686048
41,Bangalore,Whitefield,Residential,1984,10,51.26604211,200.0,12.28122371,98.32082745,14.8456646,1,0,9.350533279,01-03-2023,Operational,Low,158.5684141,485,11072.94003,108.60040944444985
108,Bangalore,Malleshwaram,Industrial,1985,6,50.0,200.0,17.63733521,73.27604422,7.039613562,7,0,5.816641304,11-08-2021,Closed,High,162.8775195,280,10678.19249,101.42752446941381
933,Bangalore,Yelahanka,Industrial,1985,11,111.884182,362.3286119,9.116480091,76.30407305,8.15284331,3,0,6.977656147,24-11-2022,Under Maintenance,Low,50.0,15,12903.9483,113.8117244681996
568,Bangalore,Whitefield,Industrial,1979,11,175.8796142,979.9325055,16.43647014,75.50866013,6.457944747,1,1,5.079722046,07-07-2022,Under Maintenance,Medium,56.46040395,100,13431.29083,98.54346686557074
704,Bangalore,Electronic City,Institutional,2011,10,50.0,1500.0,37.10106122,80.35233745,0.724911339,15,0,5.394211168,16-04-2022,Under Maintenance,Medium,72.16854132,319,13641.8601,89.56311851388047
1057,Bangalore,Jayanagar,Residential,1979,8,77.10735039,959.8939762,7.915591995,87.36990544,51.05744727,2,0,5.941689503,14-11-2023,Operational,High,208.636451,207,15369.1629,119.17050283789682
1201,Bangalore,Hebbal,Institutional,2001,11,50.0,1500.0,49.00683229,62.98718949,18.07330008,3,0,6.114500907,14-10-2023,Under Maintenance,Medium,128.5297229,203,2000.0,89.51173394147372
483,Bangalore,BTM Layout,Residential,2004,13,74.07556298,555.2711613,15.54560046,83.20737625,3.357729734,4,1,66.98845668,14-05-2023,Operational,Low,160.1731818,407,15016.37954,67.32390581483611
468,Bangalore,HSR Layout,Commercial,2006,4,50.0,1500.0,15.5455209,74.87822553,16.64794197,2,0,5.601425691,27-02-2023,Closed,High,123.4749426,239,5140.924161,96.65960782664736
24,Bangalore,BTM Layout,Industrial,1984,1,50.0,200.0,17.28156935,68.65195558,6.457138428,5,0,6.435933125,29-09-2022,Closed,High,122.7808638,306,15188.04723,98.31525295157408
714,Bangalore,Electronic City,Commercial,1998,4,64.35649526,848.3336962,27.43334631,85.34258895,3.241493175,8,1,6.362521038,21-12-2021,Closed,Low,148.1182649,418,18372.32712,59.189978966375755
735,Bangalore,Electronic City,Institutional,1997,7,250.0,200.0,9.85811966,68.74064655,10.50106009,4,0,5.140510627,16-02-2023,Under Maintenance,Medium,173.6298741,220,10093.50618,202.3039570145652
922,Bangalore,Banashankari,Commercial,1979,12,250.0,200.0,27.47002941,59.87584842,43.16686266,12,0,5.809739224,26-02-2024,Under Maintenance,High,156.6484837,217,18582.03696,197.08208400453435
1055,Bangalore,Koramangala,Commercial,2007,2,64.78179253,505.8630266,49.23526944,98.29598019,7.018196241,7,0,11.13742167,15-10-2021,Under Maintenance,High,116.4188316,496,15398.27112,104.08276573540975
366,Bangalore,Jayanagar,Institutional,1993,6,243.6818896,1500.0,46.19826554,76.32053005,77.68035514,1,1,54.87929504,14-06-2023,Under Maintenance,Low,161.2046241,462,22191.05388,147.8185488005521
917,Bangalore,Hebbal,Residential,1985,11,250.0,200.0,23.50667502,85.0930899,29.86744242,1,0,5.483654826,13-05-2023,Closed,Medium,159.3304562,24,20713.79349,192.1007797127818
1097,Bangalore,Whitefield,Industrial,1986,8,50.0,449.2915973,54.90002688,82.4421038,71.88628282,3,0,10.03627643,27-12-2022,Operational,Medium,50.08996577,228,13312.49558,81.04457016333946
383,Bangalore,Jayanagar,Institutional,1992,2,157.4561861,476.0827929,40.4121643,70.66495349,100.0,4,0,9.348641694,11-07-2022,Operational,Medium,123.7122489,171,21719.10715,143.4402355466962
454,Bangalore,Malleshwaram,Residential,2006,12,50.0,578.9468906,40.34438683,90.90679633,7.427490604,9,0,6.90288942,19-01-2022,Closed,High,123.4871191,487,17665.51805,98.9807665788378
264,Bangalore,HSR Layout,Residential,1984,4,157.3956478,200.0,36.03499823,68.04329168,35.24280584,5,1,5.704336364,19-09-2021,Operational,Medium,137.3715924,399,7696.786502,102.5175505802342
825,Bangalore,HSR Layout,Commercial,2021,4,250.0,1500.0,22.07279352,91.78960004,22.08527876,7,0,5.12234571,08-07-2024,Closed,Medium,222.6692239,128,25874.18854,201.77446768118853
232,Bangalore,BTM Layout,Residential,1972,2,64.5116927,235.9006885,4.69582209,77.67255726,2.055417835,4,0,6.523503994,05-06-2022,Closed,Low,152.278592,336,13483.26541,111.84781555891907
444,Bangalore,Malleshwaram,Residential,1996,8,125.6681552,458.1294825,70.24337259,91.52874897,22.09604726,1,0,6.257554895,12-09-2021,Operational,Medium,84.77652497,208,11358.63837,118.58776808977572
395,Bangalore,HSR Layout,Industrial,1975,11,200.2603443,422.2804305,11.29168933,56.28856225,3.659737603,14,0,5.437559724,26-05-2023,Operational,Low,126.5412174,410,15886.35076,178.26307040097646
806,Bangalore,Electronic City,Institutional,2015,4,250.0,620.4462397,61.76872188,84.87702808,9.091653678,7,0,11.32582854,13-12-2021,Operational,Medium,161.1066886,317,23932.88562,193.41815420136854
176,Bangalore,Electronic City,Residential,1985,7,88.06593957,200.0,13.78439466,59.68950607,33.89966834,8,0,6.114247834,04-08-2022,Closed,Medium,150.6500946,373,13452.48309,122.93420525168952
18,Bangalore,BTM Layout,Industrial,2002,1,50.0,274.902631,12.68813284,55.16692672,4.682637383,8,0,6.507342455,04-05-2022,Closed,Low,104.5987962,270,4847.932121,96.47058378719395
1246,Bangalore,Jayanagar,Commercial,2007,5,50.0,861.0429612,23.57626285,97.50652465,100.0,5,0,5.810473461,08-11-2021,Closed,Low,151.7041734,289,17280.83064,99.15009952479612
765,Bangalore,Yelahanka,Industrial,2020,5,126.5570335,529.4914219,47.00338483,90.47728937,1.052502174,1,1,6.559856808,03-02-2023,Operational,Low,114.8411787,38,13003.36808,71.59718476467056
888,Bangalore,Jayanagar,Institutional,1974,10,50.0,207.5309942,55.02466553,78.71770703,100.0,4,0,7.835320995,06-06-2022,Under Maintenance,Low,179.5327415,367,18555.6288,98.17116397716156
595,Bangalore,HSR Layout,Residential,2016,6,50.0,275.3487243,20.53545416,98.19357936,68.40097983,4,1,5.718903358,13-03-2023,Under Maintenance,Medium,124.4991801,342,14901.74994,48.62089138012627
61,Bangalore,Yelahanka,Industrial,1979,7,50.0,675.6150956,21.4989755,76.18765525,10.41794129,7,0,7.431073888,03-06-2023,Under Maintenance,Medium,140.7170512,334,19980.93336,100.03003346418092
272,Bangalore,Jayanagar,Industrial,1984,8,151.3462536,200.0,24.97634223,88.9722827,7.260859221,1,0,5.566518577,24-04-2023,Closed,High,208.1581876,103,23805.05615,149.6939542877748
1172,Bangalore,Yelahanka,Commercial,2011,13,149.8748624,1411.462904,34.99156267,78.12528488,100.0,3,0,10.78853419,31-10-2023,Under Maintenance,High,155.2100552,278,14352.41538,147.0188713369594
278,Bangalore,Whitefield,Institutional,2013,7,90.79129864,487.404906,49.84763182,98.9969004,4.560269691,7,1,5.092115435,30-11-2021,Under Maintenance,High,153.4901042,358,14333.51217,66.52516437695009
919,Bangalore,BTM Layout,Industrial,2000,9,50.0,393.1966969,57.01566765,90.92811888,91.05891766,4,0,9.093152578,12-07-2024,Closed,High,159.7044996,435,11043.75235,97.70803524569153
694,Bangalore,Indiranagar,Residential,1976,10,50.0,1500.0,19.0235579,56.54867202,12.70197693,19,0,10.09511723,31-08-2021,Under Maintenance,Medium,179.6550629,85,10544.74741,97.14530798964194
368,Bangalore,Electronic City,Industrial,1982,4,50.0,244.7866533,49.8368933,80.35849551,24.85767538,2,0,19.57483821,23-04-2022,Operational,Low,154.8838049,382,16651.24045,97.17741687764415
969,Bangalore,Jayanagar,Industrial,2009,8,96.953968,200.0,43.36188401,85.11840529,45.20167633,2,0,5.510639429,27-05-2023,Closed,Low,78.46124489,349,14518.76227,113.26954763450976
893,Bangalore,Indiranagar,Residential,1974,1,75.92137342,377.3881506,31.08927127,61.09245957,69.20299647,2,0,14.35071981,06-01-2023,Operational,Low,208.4647795,170,15071.59754,113.07838581252837
940,Bangalore,Indiranagar,Residential,2006,11,50.0,301.4928133,28.48179138,92.31869034,100.0,5,1,10.04180586,15-08-2021,Under Maintenance,Medium,85.98478007,197,17607.32682,38.888932827245526
780,Bangalore,Malleshwaram,Commercial,1978,10,177.6002564,220.7684151,63.49123401,79.37514247,1.022260528,3,0,8.49399416,01-01-2022,Operational,High,158.88505,159,17086.51731,151.96663497796627
839,Bangalore,Electronic City,Institutional,2014,7,150.0586159,478.713462,43.22123201,64.42650709,32.44989959,9,1,9.810532703,19-10-2021,Closed,Medium,139.3005578,72,15095.48356,87.83085225597246
547,Bangalore,Malleshwaram,Industrial,1978,12,83.50809626,200.0,34.70315966,77.39543369,21.55747268,12,0,10.36510266,31-10-2022,Closed,Low,139.8477307,135,18337.54461,108.07423493088504
962,Bangalore,HSR Layout,Institutional,1993,8,50.0,200.0,15.24740212,74.33235169,39.33325236,8,0,8.024403546,01-11-2022,Closed,Low,159.8260585,160,16509.53686,97.98980190760736
688,Bangalore,Hebbal,Commercial,1984,6,220.1210638,689.6646163,18.61147467,62.48193422,11.04276616,5,0,5.204872151,28-01-2023,Under Maintenance,Medium,185.5479984,224,14754.38639,186.98821746481747
983,Bangalore,Jayanagar,Industrial,1979,2,50.0,1500.0,36.89733766,90.71723636,23.99097547,3,0,6.56423558,25-07-2024,Closed,Low,147.6144322,344,24139.71736,97.7948033236901
456,Bangalore,HSR Layout,Residential,2020,5,50.0,1023.949204,17.94962737,75.7652299,100.0,8,0,10.02384502,29-07-2024,Closed,Low,144.648482,15,8377.134627,91.56727042722721
393,Bangalore,Jayanagar,Residential,2009,7,112.3465878,293.1194546,66.82904359,69.12056599,0.343662888,8,0,6.706677502,11-09-2023,Closed,High,241.5729383,347,5412.176905,132.68357335137176
675,Bangalore,Malleshwaram,Commercial,2013,1,250.0,200.0,52.81224747,77.87393105,6.895240435,5,0,7.966766223,20-03-2023,Under Maintenance,High,111.1091656,53,14864.32384,182.35972775754564
996,Bangalore,Whitefield,Institutional,2018,6,250.0,200.0,36.58319881,78.77404864,40.68345333,10,0,15.28754329,23-09-2023,Operational,Medium,239.8843263,385,18201.59978,208.43405238584762
728,Bangalore,Banashankari,Industrial,1978,3,50.0,1500.0,35.95988931,86.82170989,100.0,3,0,5.01788488,24-02-2022,Under Maintenance,High,123.012016,99,22848.6377,88.2110066375532
419,Bangalore,BTM Layout,Commercial,2014,1,104.6878405,1500.0,40.9727781,89.37468924,52.98644939,9,1,32.07567246,15-08-2023,Operational,High,153.3759241,314,7232.213885,74.01321014465054
375,Bangalore,BTM Layout,Industrial,2010,6,50.0,351.3596275,31.42939316,74.8500175,57.16840925,8,0,5.593807492,24-03-2022,Operational,Low,111.6326219,297,11172.40752,94.03888337855976
412,Bangalore,Indiranagar,Commercial,2006,12,225.5962155,755.447114,41.56273646,66.6478513,23.03587147,3,0,28.06275676,26-02-2024,Operational,Medium,73.29429146,451,19715.71128,180.67851109132192
74,Bangalore,Electronic City,Institutional,1989,4,92.03219305,1117.230843,6.423019594,80.96519853,3.96531542,4,0,6.159307562,10-03-2024,Under Maintenance,Low,50.0,318,22317.08724,111.36311510045128
1168,Bangalore,Hebbal,Institutional,2009,12,50.0,200.0,8.390461352,81.82112903,13.84976916,2,0,12.80133812,04-05-2023,Operational,Low,179.7377171,116,13663.49463,99.95746814762643
943,Bangalore,Indiranagar,Commercial,2002,8,250.0,821.9824879,28.93045964,76.82163936,53.14501671,5,0,6.395665581,09-07-2023,Under Maintenance,Low,145.0412068,63,19166.27816,190.83981235950307
500,Bangalore,Whitefield,Residential,1972,8,89.83979114,766.3850453,10.41714651,95.85641585,23.57273711,6,1,72.0,14-08-2022,Under Maintenance,Medium,196.3088774,238,15349.01398,74.64878984715821
873,Bangalore,Jayanagar,Industrial,1980,2,78.82343514,540.874227,20.48834255,83.15481122,12.95763437,8,1,6.172712756,25-09-2023,Operational,Low,113.453498,43,14209.8776,53.11785074809041
616,Bangalore,Banashankari,Institutional,2006,4,50.0,200.0,31.70648335,98.40721044,47.86727108,5,0,5.15252572,27-06-2023,Under Maintenance,Low,155.4697397,54,6521.402546,90.84160519862446
114,Bangalore,HSR Layout,Residential,1980,11,75.26206429,396.2790045,36.22944774,91.22732678,18.46277253,4,0,11.21201292,06-12-2022,Under Maintenance,High,140.3819518,292,5843.706811,108.27106450529438
417,Bangalore,BTM Layout,Institutional,2010,9,50.0,1500.0,12.97008879,87.47884113,37.97860115,9,0,6.091026131,30-12-2022,Closed,Low,155.7837317,337,11556.70565,103.21956700216428
601,Bangalore,HSR Layout,Commercial,1974,6,50.0,1500.0,40.6889253,81.40072261,20.20296963,3,1,5.72097453,24-05-2023,Operational,Low,103.8917338,17,12175.00488,32.94738109301188
604,Bangalore,Indiranagar,Industrial,1995,10,50.0,1500.0,65.67389897,65.26750569,11.69705373,7,0,6.158353243,23-01-2024,Under Maintenance,Medium,170.6717452,82,20713.24493,86.7397196652185
89,Bangalore,Jayanagar,Industrial,1976,7,50.0,200.0,24.19322406,69.82138607,27.5479037,3,1,6.808257518,09-12-2023,Closed,Low,175.6633717,203,19365.77802,49.119478492866776
899,Bangalore,Malleshwaram,Industrial,2001,2,50.0,1500.0,3.566350037,84.961227,46.25145612,6,0,6.043534508,01-09-2021,Closed,Low,109.1532165,260,24614.96727,98.15243936766382
1195,Bangalore,Hebbal,Institutional,2020,11,250.0,360.0137248,35.37129591,87.01569367,26.71678041,1,0,8.584806218,27-10-2022,Under Maintenance,High,172.0237369,483,12378.55544,204.747957571102
753,Bangalore,Yelahanka,Commercial,2012,7,61.17394733,287.0771886,64.2799617,69.22462505,16.79369395,2,0,18.90578251,28-01-2023,Closed,High,202.6820898,462,16678.48291,107.1669440575392
498,Bangalore,Hebbal,Industrial,1985,5,250.0,1428.324682,50.57922203,68.23623796,19.81794832,17,0,5.478539942,06-12-2021,Operational,High,106.2190873,300,21596.84388,189.82370194747622
958,Bangalore,Jayanagar,Industrial,1975,7,50.0,345.6194679,37.33895124,80.26081436,100.0,4,0,10.28755801,19-09-2023,Operational,Medium,178.488364,428,24620.1675,103.41843800956103
965,Bangalore,BTM Layout,Institutional,2006,10,65.93227166,363.4853614,6.789288439,74.75215934,100.0,3,0,8.992562591,16-04-2022,Under Maintenance,Low,222.0058608,287,5498.495828,117.67134262604736
963,Bangalore,Malleshwaram,Industrial,1982,8,73.97133854,1500.0,55.66001527,73.02024055,55.9661719,4,0,5.103346116,13-10-2022,Closed,Medium,185.4501879,496,13371.68389,114.54848259844256
11,Bangalore,Hebbal,Industrial,2018,4,250.0,479.192187,29.21471338,99.28469117,13.89082815,2,0,11.5417982,15-05-2023,Closed,High,126.7135123,317,6888.007516,196.34556164444868
396,Bangalore,Electronic City,Commercial,2013,2,146.6129368,200.0,38.7247851,17.60079779,39.85179573,6,0,7.240284217,01-10-2021,Closed,Medium,64.34327355,347,15502.22248,138.2298307566456
867,Bangalore,Whitefield,Industrial,2003,8,50.0,955.2863355,16.12384993,73.83395875,78.99889797,15,0,10.82891525,15-10-2022,Under Maintenance,Low,166.7228395,269,15542.4917,101.77917437643512
555,Bangalore,Yelahanka,Institutional,2014,7,50.0,1490.1162,45.28320752,92.43603816,57.2194714,2,0,9.06525273,23-02-2023,Closed,High,129.4061517,12,22471.6831,84.31961328378766
42,Bangalore,Electronic City,Institutional,1992,12,50.0,251.4802212,1.183890114,60.86072504,2.897621926,2,0,5.587545463,06-01-2023,Under Maintenance,High,144.2175859,244,7682.81922,101.8963733148588
167,Bangalore,Hebbal,Institutional,1995,2,50.0,200.0,0.908320794,66.83472376,13.71804467,3,0,9.139291506,12-05-2023,Operational,Low,244.8396491,355,13134.94174,115.28395351686973
416,Bangalore,Banashankari,Residential,2001,13,50.0,233.8386838,27.99715027,53.65087931,10.18331707,9,0,6.292070288,05-09-2021,Closed,High,227.5575988,263,11459.61464,105.50982103051263
576,Bangalore,Koramangala,Institutional,1974,11,50.0,200.0,7.489289465,47.06844587,76.51790614,11,0,15.53408146,16-01-2024,Closed,Low,161.7807279,451,8655.034704,108.73953043884283
267,Bangalore,BTM Layout,Institutional,2003,7,90.92156672,684.924603,32.06101963,89.09257206,26.16348027,3,0,8.655186202,05-10-2023,Under Maintenance,High,78.4929311,477,11205.3673,116.31694682359684
1108,Bangalore,Yelahanka,Industrial,1999,9,178.6193104,763.4998459,5.474617732,87.31448633,100.0,1,1,26.01505068,17-06-2023,Under Maintenance,Medium,118.811552,374,15150.31482,116.44274198682098
426,Bangalore,Electronic City,Institutional,1978,8,50.0,200.0,14.45365593,92.23820948,4.190498779,1,0,5.78771689,06-07-2023,Operational,Low,101.753827,465,17429.17212,101.31226941629949
690,Bangalore,Koramangala,Industrial,1975,3,58.66317197,200.0,4.299730643,88.01172642,85.94568367,8,0,13.68514412,05-11-2023,Operational,Low,131.9516917,234,14156.83545,103.80669176310461
544,Bangalore,Jayanagar,Residential,2013,6,72.20028261,200.0,2.124665628,38.79498992,36.47142366,2,0,8.087412168,05-12-2023,Closed,Low,50.0,73,10404.90104,96.11903577956356
1169,Bangalore,Whitefield,Institutional,2009,13,50.74910141,491.0013626,9.596398201,80.01923346,3.880614421,1,0,10.59719998,02-10-2023,Closed,Medium,192.6707779,142,19764.00054,102.18215652410154
674,Bangalore,Koramangala,Commercial,2003,6,79.24583347,1500.0,22.83344985,84.98143976,100.0,6,0,5.598901159,26-04-2023,Operational,Low,79.62441526,137,15341.41638,102.2788538938109
689,Bangalore,Yelahanka,Commercial,1994,5,50.0,200.0,11.95502808,80.34190305,25.42810684,3,0,6.456304596,08-02-2022,Operational,Medium,172.2131656,164,16875.68036,99.9468919109302
1099,Bangalore,Malleshwaram,Institutional,1981,3,64.64634616,200.0,32.0949583,85.71072217,28.93318508,5,0,9.788627608,04-09-2022,Closed,Medium,167.3244238,165,15598.84991,102.72951657778997
1223,Bangalore,Banashankari,Institutional,2007,4,250.0,1280.649534,30.95135812,60.22600502,100.0,6,0,22.59198887,07-11-2023,Operational,Low,170.6899549,385,19633.48367,202.82646381305753
159,Bangalore,BTM Layout,Commercial,1989,5,97.70616964,608.103188,46.44113042,27.72912404,42.50258093,1,1,8.410784417,30-09-2023,Operational,Low,182.8276804,141,16386.30147,67.80033553876913
966,Bangalore,HSR Layout,Industrial,2020,8,190.434598,1500.0,29.24061434,84.6411584,8.765720951,3,1,5.532298232,10-03-2022,Operational,High,116.1803849,257,22329.22579,113.85080303770364
257,Bangalore,Yelahanka,Commercial,1991,11,89.31191983,228.8151313,48.43448903,49.5423231,33.97929798,1,0,6.293460445,25-07-2024,Under Maintenance,Medium,114.6165267,91,14873.78471,104.66529154990609
925,Bangalore,Malleshwaram,Commercial,2005,7,50.0,1500.0,49.41974032,53.99629825,100.0,3,0,12.90597644,30-07-2022,Under Maintenance,Medium,73.84065476,78,19279.68229,80.30015442958114
335,Bangalore,Hebbal,Industrial,1995,10,50.0,200.0,11.44730766,65.84812201,4.846714382,1,0,15.10872136,15-11-2023,Under Maintenance,High,142.6471309,200,21839.84701,98.3167703403893
15,Bangalore,Whitefield,Commercial,2014,5,50.0,200.0,47.17553973,78.19384166,5.869713284,2,0,7.202697342,08-10-2021,Closed,Medium,121.8856235,228,13448.01758,89.81151599119514
985,Bangalore,BTM Layout,Residential,1996,10,102.625534,899.4866401,21.01846706,81.65510758,100.0,4,0,6.097760415,11-05-2023,Under Maintenance,Low,92.08176554,145,12836.59751,115.85069906623727
324,Bangalore,Hebbal,Industrial,1985,10,232.3577624,200.0,25.17186875,81.06849749,0.895275672,7,0,12.20285011,01-04-2022,Closed,Medium,99.69913093,240,7973.297764,183.5037355676015
768,Bangalore,BTM Layout,Industrial,2001,2,62.80118903,200.0,20.80128661,78.95769726,26.13885938,9,0,5.168018848,22-07-2024,Operational,Medium,118.6516471,65,16694.64692,96.26592493146117
607,Bangalore,BTM Layout,Commercial,2022,2,50.0,617.1857079,28.11928171,52.27883426,58.42995078,5,0,10.55685231,22-02-2023,Operational,High,87.76726483,444,10942.674,96.95008179884292
1098,Bangalore,Jayanagar,Commercial,2022,13,226.8361136,900.5669786,14.46131645,78.44736074,54.06665547,3,0,5.549247715,10-07-2024,Under Maintenance,Low,195.8163837,118,18090.25731,188.86295827611244
1248,Bangalore,Hebbal,Institutional,2021,6,250.0,1500.0,55.80726031,67.7802068,13.55498855,6,0,14.14705771,13-01-2022,Operational,Medium,161.6892956,196,11732.24765,191.20967542895374
1026,Bangalore,Electronic City,Institutional,2010,2,250.0,1360.992826,36.98282988,67.10936899,100.0,3,0,7.094839318,19-04-2024,Closed,High,151.9001739,223,14718.91594,194.812357724941
222,Bangalore,HSR Layout,Commercial,1998,2,50.0,632.3907303,22.13303199,86.50298884,13.40887154,8,0,5.768348082,13-11-2021,Under Maintenance,High,184.3130095,132,16664.751,98.09966466547257
179,Bangalore,Whitefield,Residential,1987,10,50.0,607.3003701,35.77519823,82.16549365,7.695143604,10,1,5.490756906,29-12-2023,Closed,Low,286.0084583,175,14283.82229,56.874151250448094
99,Bangalore,Malleshwaram,Commercial,1994,11,50.0,200.0,33.46719886,94.85034232,16.54280813,2,0,5.159706588,29-11-2022,Operational,Medium,138.2706433,318,19475.43418,96.72512113792428
757,Bangalore,Yelahanka,Industrial,2008,8,114.3620787,1499.286398,11.34137479,62.88208814,34.76990613,9,0,6.420799862,29-06-2024,Closed,Medium,159.2418062,391,19583.84135,137.93812412907437
521,Bangalore,Whitefield,Industrial,1980,2,50.0,1500.0,43.58066779,90.27780296,100.0,6,1,11.5299808,13-05-2024,Closed,Medium,177.1680096,256,12867.38776,46.77788937429967
761,Bangalore,Koramangala,Residential,1995,12,56.03438271,200.0,30.48905828,67.90150109,77.1861565,1,0,5.38916936,23-06-2024,Under Maintenance,Low,156.1004907,59,15187.07655,94.6204137613268
22,Bangalore,HSR Layout,Commercial,1976,10,50.0,454.0351916,11.39909952,61.07926024,3.233018996,2,0,8.190285213,29-05-2023,Operational,Medium,153.3764102,209,7781.907214,99.71702851703962
356,Bangalore,Whitefield,Residential,2018,5,50.0,200.0,27.19606504,94.11431499,17.34872298,6,0,5.903788202,24-04-2022,Closed,Low,149.0743432,27,19635.51483,90.33707816213806
733,Bangalore,Banashankari,Residential,1994,13,111.0563935,659.6521976,70.14259858,69.5773145,100.0,4,0,12.41448535,25-06-2022,Closed,High,64.87081979,109,9949.166402,106.56098586781079
1036,Bangalore,Electronic City,Commercial,1985,5,62.29890196,1500.0,29.30885724,62.82958088,100.0,4,1,12.43715106,26-04-2024,Operational,High,88.71171685,13,14500.5121,39.92055540818829
1157,Bangalore,Yelahanka,Industrial,2013,1,250.0,245.7631492,9.16925167,50.32542673,56.08289863,3,1,16.19453471,18-08-2022,Operational,High,262.6217903,199,12648.26146,160.89507442542154
611,Bangalore,Banashankari,Industrial,1990,10,120.4870683,1067.584191,43.81755983,79.83859315,28.85911013,3,0,5.040340406,03-09-2022,Operational,High,147.2207665,432,16794.60254,134.36371289794772
1062,Bangalore,Banashankari,Residential,1990,3,219.3295666,680.3229247,55.52790895,60.2032557,46.15451294,3,0,6.229799277,21-05-2022,Closed,Low,207.438285,364,8733.959794,185.62099745486051
340,Bangalore,Hebbal,Industrial,2012,13,50.73884743,353.7217726,6.661968537,80.27713785,100.0,7,1,11.43790461,11-07-2022,Operational,Low,108.8889802,172,14985.34391,45.283156651267845
431,Bangalore,Indiranagar,Industrial,2009,5,107.507291,1500.0,29.0877733,74.74432696,31.63871555,1,0,6.180007015,26-08-2023,Operational,High,50.0,240,8495.332846,115.1924866815995
851,Bangalore,Jayanagar,Industrial,1973,6,207.9204383,761.4878375,40.87719425,58.35388672,54.06260856,8,1,13.48178493,27-08-2022,Under Maintenance,High,122.226144,394,7466.779389,125.24385583699872
217,Bangalore,Koramangala,Institutional,2015,1,102.9268164,200.0,4.45350378,92.13768509,9.846461103,2,0,6.896698747,13-10-2023,Closed,Medium,138.1590697,266,25068.49175,127.44723755939995
203,Bangalore,HSR Layout,Industrial,1974,8,171.6172875,253.6167276,51.97513306,66.18396789,12.63074904,3,1,5.383340167,16-10-2021,Under Maintenance,High,202.6901026,284,11779.30921,109.54078771927452
989,Bangalore,Hebbal,Commercial,1992,9,250.0,273.79254,22.92916127,85.69700945,100.0,4,0,9.545481328,20-01-2023,Operational,Medium,151.3442919,12,17795.97495,191.05162684647263
1007,Bangalore,Banashankari,Industrial,2001,11,250.0,562.8690421,38.34724529,79.70834403,16.4223493,7,0,19.17141534,02-03-2024,Operational,High,181.7585901,120,7721.591367,194.30932651010983
93,Bangalore,Yelahanka,Residential,2005,3,61.79156212,389.6708936,70.16664786,98.40528191,62.7461784,2,0,11.58422673,06-05-2024,Closed,Medium,133.6168927,287,12776.18709,93.85008793591116
1132,Bangalore,Yelahanka,Institutional,1974,12,50.0,1500.0,28.40049073,84.28880078,33.5304566,5,0,5.628503973,17-12-2022,Operational,Medium,230.6855635,381,17172.6817,108.97557019149323
68,Bangalore,Jayanagar,Institutional,1994,12,50.0,200.0,44.23528979,84.98472284,42.45387357,7,0,12.28101131,28-09-2023,Closed,High,168.0818013,399,16641.81198,100.08127493883816
978,Bangalore,Banashankari,Institutional,2016,7,102.8858934,352.7367199,22.05080051,96.6503197,65.46368449,1,0,12.37385902,03-01-2023,Under Maintenance,Medium,70.80485883,469,11227.45427,123.2167692835714
284,Bangalore,HSR Layout,Industrial,1971,13,64.756052,200.0,27.63451805,90.22079035,20.24196758,5,0,13.97930179,11-05-2024,Operational,High,256.6516687,407,18716.26053,119.82408135978135
696,Bangalore,Indiranagar,Commercial,1993,3,51.08450527,580.1739119,31.19802356,90.2550681,64.28797657,3,1,31.66847438,12-11-2022,Closed,Low,166.3066511,243,19374.35438,48.32076235321059
85,Bangalore,HSR Layout,Industrial,2005,12,50.0,315.225927,42.68439486,86.85920299,71.62312151,6,1,42.95480149,05-03-2022,Under Maintenance,High,124.9121478,240,21777.47766,41.28574378017732
434,Bangalore,Electronic City,Commercial,1970,9,50.0,200.0,61.64455622,85.2608876,91.03639779,5,0,72.0,06-04-2023,Closed,Medium,225.1178526,190,10742.7421,96.03026514048014
869,Bangalore,Jayanagar,Industrial,2020,7,250.0,1500.0,19.84283212,61.77384104,67.58200783,5,1,5.8313774,22-01-2023,Closed,High,250.5102269,35,15178.87743,152.51471785943176
153,Bangalore,Jayanagar,Institutional,1997,2,50.42040821,399.9990362,71.12894118,98.00768924,20.39921387,8,0,5.899036382,08-07-2023,Operational,Medium,161.6126849,261,8737.419039,89.99560746240503
75,Bangalore,HSR Layout,Institutional,1998,11,97.92471816,200.0,31.25413596,70.1590982,8.535737043,2,0,7.694488,18-04-2024,Closed,High,191.0951252,304,16826.95392,126.23945342787611
1161,Bangalore,BTM Layout,Commercial,1983,13,50.0,200.0,45.2789512,43.87270013,23.82708146,6,0,6.314874557,16-10-2021,Closed,Low,264.5471286,292,16219.21836,106.7201956216537
789,Bangalore,Malleshwaram,Residential,2018,4,250.0,288.9717856,43.67385761,60.82209846,80.78327169,4,1,5.551610869,19-12-2021,Operational,Medium,66.95195332,406,14645.15265,140.53220282582006
580,Bangalore,Whitefield,Institutional,1975,2,50.0,1500.0,13.23784557,93.60756701,29.51181346,9,0,7.599809024,19-06-2022,Operational,Low,166.9248204,214,21261.00328,100.52883725337207
446,Bangalore,Indiranagar,Industrial,2001,8,250.0,200.0,54.8697267,94.27692926,71.14716708,4,1,21.64202893,20-03-2024,Operational,High,168.3299123,222,15174.31088,142.57627659788426
703,Bangalore,Electronic City,Commercial,1978,9,50.0,1330.530907,19.12711599,76.20900249,100.0,8,0,5.757583205,20-07-2022,Closed,Low,79.57693518,194,13196.34721,90.1901802952822
188,Bangalore,Banashankari,Industrial,2004,12,56.57095576,200.0,25.82074131,75.59623552,11.36135781,5,0,5.301466972,30-06-2024,Under Maintenance,Low,107.6603141,35,15503.67623,90.18139867245797
271,Bangalore,Indiranagar,Commercial,2006,11,124.5996149,817.4186769,20.43093752,84.44604002,45.71056927,3,1,24.49021788,09-12-2023,Closed,Medium,78.20689244,88,19643.58916,73.82984878990281
236,Bangalore,Banashankari,Residential,2021,3,50.0,200.0,31.10005962,90.89574764,45.02151634,1,0,5.167654313,18-05-2024,Closed,High,50.0,316,15370.95285,88.22531766631198
487,Bangalore,Jayanagar,Residential,2018,10,50.0,216.4441821,6.500973537,65.8618711,3.048642268,8,1,5.491216433,15-08-2022,Under Maintenance,Medium,95.92259982,455,13028.04187,52.28344656352802
1206,Bangalore,Banashankari,Commercial,1994,12,172.467859,587.0656734,15.72300005,86.72743381,17.05303251,11,0,7.747293751,25-11-2022,Operational,Low,114.9004156,492,13573.19927,164.47209671286623
559,Bangalore,Indiranagar,Institutional,2015,12,72.62992253,200.0,19.59548473,89.33674907,27.61158804,12,0,20.27756957,03-02-2023,Under Maintenance,High,128.950776,140,19256.16685,104.59757442419868
117,Bangalore,Jayanagar,Industrial,1989,6,50.0,719.1759619,8.904558911,91.99265431,6.639614205,10,0,5.000817769,23-10-2023,Operational,Medium,91.56609812,78,16978.80902,89.79577148660235
637,Bangalore,Whitefield,Industrial,1997,2,50.0,283.2636674,6.039651689,72.77261895,55.37368764,8,0,5.943038815,28-04-2023,Closed,High,153.6658984,389,16511.12022,106.10093330864203
1122,Bangalore,HSR Layout,Commercial,1995,11,250.0,1179.256864,55.43048698,36.55176367,72.69834447,9,1,7.482279254,30-01-2023,Operational,Medium,181.9365111,368,8120.124073,148.78203607744595
801,Bangalore,Yelahanka,Institutional,2020,8,50.0,662.9988184,34.1919816,88.97903698,31.29296035,5,0,8.135026997,27-06-2023,Closed,Medium,124.1977636,239,21491.72048,92.86158966911313
750,Bangalore,HSR Layout,Institutional,2019,2,50.0,303.4127314,50.21902072,79.36659385,48.03648654,4,1,6.934917032,25-12-2023,Under Maintenance,Medium,103.8383377,101,10354.6753,33.576363686945484
512,Bangalore,HSR Layout,Institutional,2021,9,202.4263771,200.0,26.73915488,91.47429085,39.8359258,6,0,8.434952294,19-06-2023,Operational,Low,138.0525977,8,17382.89698,164.99587443116795
633,Bangalore,Jayanagar,Industrial,1980,6,113.9294254,1431.80038,40.2197107,84.32128498,100.0,17,1,6.71443112,14-03-2024,Operational,High,128.6559465,57,21949.34102,68.65315236046291
1090,Bangalore,BTM Layout,Commercial,1985,12,250.0,1391.01769,10.59905638,82.27211463,11.62424546,6,0,5.081691273,04-07-2022,Operational,Low,146.419937,470,15809.94172,206.79946128062966
1117,Bangalore,BTM Layout,Residential,2019,10,250.0,817.8998397,43.6364291,89.62450052,19.53755199,13,0,8.739674654,03-03-2023,Operational,Low,147.1190601,1,13839.68656,186.11837518963208
932,Bangalore,HSR Layout,Residential,1990,11,250.0,200.0,39.81758074,83.86962372,34.01254067,2,0,6.680217622,16-03-2024,Under Maintenance,Low,77.59930498,111,19472.97433,183.2877181127188
126,Bangalore,Banashankari,Residential,1989,5,127.7872295,200.0,20.97629404,42.60555489,8.808842267,2,0,8.434969874,01-06-2023,Under Maintenance,Low,100.4731837,420,17107.23591,137.91961876744656
790,Bangalore,Hebbal,Residential,2000,13,50.0,1500.0,44.23199289,97.65026411,46.35005345,9,0,20.01643054,02-08-2023,Closed,Medium,171.480911,484,6204.389024,102.84518987656294
829,Bangalore,Banashankari,Institutional,1995,8,90.28166602,1478.464372,46.67610304,64.32852438,42.51804816,10,0,5.862317442,20-05-2022,Under Maintenance,Low,135.9107696,251,13221.61326,112.28340411389746
116,Bangalore,BTM Layout,Residential,1987,12,122.0976706,377.4494727,26.66448365,85.47642124,15.61926718,8,0,5.955519871,16-07-2024,Closed,Low,148.2644115,247,18546.83697,133.09761550907376
473,Bangalore,Malleshwaram,Commercial,2005,1,166.3290922,200.0,28.33822989,89.83962257,87.96370021,2,1,25.74033517,28-03-2023,Operational,Medium,218.3437134,353,10757.2287,115.02287523352263
740,Bangalore,Indiranagar,Industrial,1987,10,93.17415898,1450.354699,52.74697435,53.13182265,100.0,2,0,8.361089927,29-01-2023,Operational,Low,57.95628843,82,21311.13377,99.76199523684178
1054,Bangalore,Banashankari,Commercial,2019,10,250.0,1500.0,7.89491396,91.78970924,100.0,3,1,5.309466302,14-05-2022,Operational,Low,122.4847423,78,8775.642243,143.0915943463729
57,Bangalore,Hebbal,Residential,2015,6,50.0,485.4347618,49.19384538,75.88269946,5.059140644,2,1,7.05128632,31-08-2023,Closed,Medium,134.5393812,300,22016.80579,42.85634205014393
603,Bangalore,Banashankari,Industrial,2004,5,50.0,1500.0,21.39119641,80.73043934,6.780616371,4,0,7.890886038,06-12-2021,Closed,High,217.7818929,476,12208.04781,111.97264561862475
786,Bangalore,BTM Layout,Commercial,2004,8,131.3413582,200.0,11.64616582,91.25668736,52.05625657,6,0,23.02374159,09-02-2023,Closed,High,191.6961077,263,13089.69256,145.48848983514455
830,Bangalore,Koramangala,Commercial,2007,1,50.0,200.0,45.11627673,90.13425376,70.7451741,5,0,29.79291506,29-03-2023,Operational,Low,82.77747445,137,13921.48011,83.46314956122862
119,Bangalore,Malleshwaram,Industrial,2001,1,58.13249265,200.0,24.00555753,73.6223365,8.662730337,3,0,12.79820398,14-05-2024,Operational,Low,187.5966516,140,22421.49545,102.48857661743388
656,Bangalore,Koramangala,Institutional,2010,13,50.06432704,1500.0,45.52997341,63.1251999,71.74024889,5,0,8.209761866,03-06-2023,Operational,Low,150.6964646,424,11586.96964,99.08456329856473
986,Bangalore,Banashankari,Residential,1971,10,174.9063984,1500.0,43.57795624,64.05957511,37.50619758,6,0,12.74215055,26-05-2023,Under Maintenance,High,225.1699151,261,13033.8182,164.44400370973577
1006,Bangalore,Indiranagar,Institutional,1996,12,176.7830754,728.6631763,68.08513666,87.12475406,6.958226548,5,0,12.50430809,20-05-2023,Closed,Low,194.759661,363,16493.7764,160.26922892753865
105,Bangalore,HSR Layout,Industrial,1975,12,50.0,620.0719024,19.16088872,58.69437334,6.861384802,2,0,6.254247985,05-06-2024,Operational,Low,170.2025428,132,22755.61295,97.56113280667269
635,Bangalore,Electronic City,Residential,1999,3,88.97148691,619.0745187,17.03620783,72.7300664,12.69871444,5,0,9.278756091,11-09-2023,Operational,Low,67.25716641,161,21977.81935,107.90691786567115
369,Bangalore,Whitefield,Residential,1999,1,50.0,393.5236573,7.72865943,49.29774983,100.0,3,0,6.885965776,28-07-2022,Operational,Medium,111.3495108,264,19911.28761,98.01624169642268
268,Bangalore,Banashankari,Commercial,2005,9,50.0,200.0,6.914103109,83.11433874,4.699980666,6,1,18.86845733,22-07-2023,Operational,High,127.9977757,23,24393.4124,42.27581355731509
655,Bangalore,Hebbal,Institutional,1995,8,50.0,226.2490687,32.17778262,93.58088257,27.82809384,8,0,7.830889616,26-02-2024,Operational,Low,152.9609217,116,17773.66108,92.40472682037243
819,Bangalore,HSR Layout,Commercial,1987,2,61.23973295,400.7986105,36.04256468,95.63314586,35.51363333,2,1,6.049619891,23-04-2024,Under Maintenance,Low,203.2740188,428,9869.11846,61.62242395572676
822,Bangalore,Malleshwaram,Commercial,1975,2,60.85708449,229.2638348,34.01872769,71.0953829,44.3006284,10,0,6.991763473,12-04-2023,Closed,High,264.9449062,18,16562.42499,105.94833349609625
923,Bangalore,Jayanagar,Institutional,1981,10,241.3071681,1500.0,58.16977121,91.29874826,80.51645372,1,1,5.777273112,23-12-2021,Closed,Low,114.9939593,392,17854.27282,137.36603825070415
46,Bangalore,Koramangala,Industrial,1981,9,50.0,200.0,21.29733028,77.47336031,1.529377694,15,0,5.323295444,19-09-2021,Closed,High,126.9680615,396,15242.57331,100.54260648610105
349,Bangalore,Malleshwaram,Industrial,1997,11,73.73437461,673.8355537,25.4136954,68.78737178,6.51703695,2,1,7.741470023,20-03-2022,Operational,Medium,139.3276424,432,22379.04823,63.98933874864076
773,Bangalore,Banashankari,Industrial,2010,10,75.94719468,200.0,39.17719152,59.64975795,100.0,12,1,6.932655416,01-11-2021,Operational,Low,198.6277225,191,15016.22172,61.13443370463364
195,Bangalore,BTM Layout,Commercial,1999,5,50.0,200.0,29.83008343,80.58093194,13.44066637,4,0,6.005037281,15-12-2021,Under Maintenance,Low,169.265869,416,5911.273063,103.63476089324419
102,Bangalore,HSR Layout,Commercial,1996,8,50.0,200.0,2.028770672,93.58772306,45.08213795,6,0,6.248671273,23-02-2022,Closed,High,132.8642742,392,16834.92878,104.70479605236616
4,Bangalore,HSR Layout,Industrial,2006,12,50.0,347.0936445,26.936862,96.51131858,1.874752764,19,0,7.060853586,25-04-2024,Closed,Medium,138.2923313,258,25848.85374,96.21674754058333
619,Bangalore,Banashankari,Industrial,2001,11,103.451793,1294.553854,38.87941905,67.30681687,11.61487995,8,0,10.42574119,11-08-2022,Under Maintenance,Low,161.1942012,68,8167.683645,117.43636464269566
571,Bangalore,Jayanagar,Residential,1987,11,114.8153803,200.0,46.6758751,64.91828437,59.01615166,7,0,9.381447809,13-01-2023,Operational,Medium,233.8218656,291,13733.77026,135.5355188476764
52,Bangalore,BTM Layout,Commercial,2019,7,210.3820814,200.0,33.92644746,91.66740803,0.389755835,3,1,48.99327249,10-07-2023,Operational,Medium,116.1539,45,20345.11145,116.4544671261702
263,Bangalore,Whitefield,Industrial,1986,10,54.78714937,200.0,50.67647837,90.12261242,11.29914366,9,0,9.669598182,03-03-2024,Closed,High,98.78061793,236,15226.07859,89.31511468012856
1138,Bangalore,BTM Layout,Industrial,2021,10,98.25827062,1222.767872,52.79553233,62.66352942,9.352802991,5,1,6.122125599,31-10-2022,Closed,High,179.8700035,281,18124.19401,70.36039389904928
443,Bangalore,BTM Layout,Industrial,2001,10,50.0,200.0,14.36394928,99.73116385,15.57732657,5,0,16.43511022,24-06-2023,Operational,Low,145.543998,385,17346.53896,103.23429830793606
1040,Bangalore,Malleshwaram,Institutional,2021,2,116.3135272,943.6107251,24.53527886,86.90736643,51.06893147,5,0,5.196081657,05-02-2024,Closed,Medium,234.1963846,247,12240.61974,139.21027262098934
782,Bangalore,BTM Layout,Institutional,2023,5,50.0,623.4951682,30.16908938,66.66552548,100.0,3,1,7.087502527,01-10-2022,Under Maintenance,Low,169.0098926,308,22094.52035,50.44051612422981
837,Bangalore,Yelahanka,Commercial,1974,11,67.50518746,1069.383943,12.56161512,77.41112137,72.55909392,6,0,19.65021525,17-03-2023,Closed,Medium,100.082298,180,6965.710268,101.87438928860604
926,Bangalore,Jayanagar,Residential,2021,11,50.0,327.4991394,50.07297368,94.4235884,45.95685205,6,0,10.21105166,09-04-2022,Under Maintenance,Medium,122.0539076,491,12330.61392,96.97656014364206
691,Bangalore,Whitefield,Residential,2016,2,83.12168251,406.8235084,60.57924099,62.87957678,100.0,14,0,11.42418749,11-08-2023,Closed,Low,207.9664902,377,2000.0,116.92284630602124
304,Bangalore,HSR Layout,Commercial,1976,11,97.12204222,200.0,21.81010562,84.94865032,20.98448764,6,1,8.597063276,24-08-2023,Closed,Medium,148.9549203,19,12978.17337,64.81500551297925
341,Bangalore,BTM Layout,Industrial,1997,2,50.0,1421.816042,36.06905538,76.70014613,18.63835746,3,0,5.448452634,11-05-2024,Under Maintenance,Low,162.1843606,207,17385.62185,95.44762352015955
948,Bangalore,Banashankari,Residential,2021,8,250.0,791.086899,15.18865372,97.56588598,100.0,8,1,6.319241864,04-01-2024,Operational,High,147.7206992,233,13527.75276,148.74868031442253
313,Bangalore,Koramangala,Commercial,2021,7,246.5534942,200.0,15.30560204,54.49889813,10.27596912,9,1,6.899315018,22-01-2022,Operational,High,190.6754818,239,8467.031968,151.90818589070318
149,Bangalore,Jayanagar,Residential,2021,11,50.0,368.0467821,14.53760901,87.83965937,21.57634644,7,1,5.273655022,15-04-2023,Closed,Medium,164.8492337,102,21339.49398,46.759004970465924
124,Bangalore,Indiranagar,Commercial,1987,2,50.0,200.0,34.03241827,73.8329253,9.279720158,2,1,6.789028809,04-06-2023,Operational,Low,179.3428547,421,12749.02498,54.01947256200135
1107,Bangalore,Hebbal,Commercial,1976,12,212.9705213,200.0,38.41939454,92.81144422,100.0,14,0,11.41230745,01-06-2023,Closed,Low,97.32922184,198,9498.878102,169.54618948393173
574,Bangalore,Indiranagar,Industrial,1994,5,148.7355483,1032.555634,32.94605268,49.77717577,100.0,5,0,7.50300834,13-11-2023,Operational,Medium,191.4702791,145,16813.13996,146.77781976221743
697,Bangalore,Koramangala,Institutional,1989,2,130.5679602,200.0,21.00309847,95.08594342,12.84682958,6,0,9.853601202,27-08-2022,Under Maintenance,Medium,87.44432118,474,17343.87603,139.0969330898735
664,Bangalore,Malleshwaram,Institutional,1975,7,50.0,595.3140605,40.227642,86.10915444,93.35521772,2,0,8.275536566,15-06-2024,Closed,Medium,114.3577109,119,29679.87437,87.09915114221418
50,Bangalore,Malleshwaram,Residential,1994,12,250.0,200.0,13.4650242,44.70466218,4.256422011,6,0,7.274132057,10-05-2024,Closed,High,166.2041985,58,16800.99068,196.22036838517397
941,Bangalore,BTM Layout,Institutional,1993,3,121.1753273,1500.0,54.92292753,66.02011836,36.56615764,3,0,6.215173838,10-06-2022,Operational,High,193.6228664,376,15024.4062,135.58516360180073
726,Bangalore,HSR Layout,Institutional,1975,10,50.0,300.1552182,25.81105148,75.39712109,17.34997334,2,0,5.79763136,18-07-2023,Closed,High,150.9216967,436,11564.77467,103.25598815842696
799,Bangalore,Hebbal,Industrial,1972,1,250.0,200.0,15.92473621,70.59540766,20.54410274,2,0,6.28561713,20-03-2023,Under Maintenance,Medium,151.487807,489,10670.97869,206.9278793788787
833,Bangalore,HSR Layout,Institutional,2023,1,50.0,1500.0,43.08116984,88.93420192,36.08970697,3,0,5.06403265,08-12-2021,Operational,Low,111.6101217,179,5572.789136,88.02543618727935
353,Bangalore,Jayanagar,Institutional,1983,8,50.0,200.0,34.25196935,83.87509647,5.528957123,4,0,7.311642739,19-04-2023,Operational,Low,142.0030735,47,14114.07562,88.92116251548288
1199,Bangalore,Indiranagar,Industrial,2004,7,50.0,419.2313984,10.37561069,84.56726266,100.0,7,0,17.20838177,27-07-2023,Operational,Medium,218.2070215,362,5217.962744,110.75990738526923
142,Bangalore,Jayanagar,Residential,1989,7,51.57444588,200.0,65.92702778,79.71121043,16.77854411,1,0,7.899295988,13-03-2023,Closed,Low,69.62583827,200,19148.95407,80.76728910689387
470,Bangalore,Koramangala,Residential,2019,11,50.0,200.0,12.04810587,87.76384401,94.55936473,3,0,9.279850096,13-02-2022,Operational,Low,136.2474151,337,6004.995799,101.44748190014178
1011,Bangalore,Jayanagar,Residential,1987,2,250.0,921.1109078,22.90742516,87.52861752,56.08882899,4,0,5.103782088,12-11-2021,Operational,High,159.8799802,16,15305.58651,192.01122681626202
653,Bangalore,Malleshwaram,Residential,1980,13,205.2324973,200.0,9.582704965,95.47511966,14.78766667,8,0,6.883865015,15-04-2023,Closed,Medium,94.67370456,175,25306.22734,170.46232691669167
399,Bangalore,Yelahanka,Institutional,1977,4,105.347474,370.0665207,34.96065757,76.83158897,100.0,1,1,8.988712413,23-04-2024,Operational,Medium,211.8908156,170,15143.3327,77.2023711561673
1088,Bangalore,HSR Layout,Institutional,1975,7,250.0,200.0,54.40499797,88.08141791,8.441578954,4,1,14.84348242,17-04-2023,Operational,Medium,137.0478927,76,27148.78013,135.22297549779648
1000,Bangalore,Hebbal,Institutional,2016,6,50.0,200.0,11.45725922,81.95861812,4.207914121,1,0,5.537126145,15-03-2023,Under Maintenance,High,219.9677718,54,16210.32811,101.50573915773
320,Bangalore,BTM Layout,Institutional,2013,8,59.75929862,265.0080312,1.5232649,29.47316864,2.002987732,5,0,8.731843757,05-07-2024,Under Maintenance,Low,154.8497982,485,8226.291704,115.31524446856359
19,Bangalore,Hebbal,Institutional,2017,2,50.0,200.0,72.70594617,85.65891206,57.7433554,3,0,5.325938414,01-02-2024,Operational,Medium,79.38481493,270,16071.97174,81.64070313872354
684,Bangalore,BTM Layout,Commercial,2014,12,250.0,1128.457058,31.30550326,89.82118447,1.350097517,2,0,6.247814429,08-08-2022,Under Maintenance,Medium,88.89360956,218,8579.352337,189.27004845884025
35,Bangalore,Indiranagar,Institutional,1971,3,123.924868,218.7639281,46.33510909,97.32157644,43.81692312,5,0,7.81131637,27-03-2023,Under Maintenance,Medium,88.9578175,360,18750.30899,127.4179781677449
824,Bangalore,BTM Layout,Residential,1983,11,115.6324536,1500.0,36.12354728,95.38634196,0.079244447,4,0,7.802469369,13-10-2022,Under Maintenance,Low,127.7248739,63,13370.51191,120.30014131739614
902,Bangalore,Hebbal,Residential,1993,1,50.0,1244.843482,11.39645847,87.20169643,33.00657716,4,0,7.425063256,16-11-2023,Operational,Low,151.4372411,340,14985.73865,103.19241545637409
505,Bangalore,Koramangala,Residential,1975,7,50.0,1500.0,18.99915226,81.42103717,2.041930727,5,0,9.772183234,21-10-2021,Closed,Medium,125.6437308,316,13097.30136,98.43033225747652
827,Bangalore,Yelahanka,Institutional,2004,5,63.91597289,600.0928964,5.173255985,64.30740109,29.99790414,6,0,7.210014358,20-01-2023,Under Maintenance,Low,123.8569986,163,21634.97017,103.55596110133365
1116,Bangalore,BTM Layout,Institutional,2023,4,50.0,200.0,7.045176333,78.46018892,0.681777863,4,0,12.1952324,10-05-2024,Operational,High,270.1707793,481,16392.87013,120.25344077039138
407,Bangalore,Malleshwaram,Residential,2002,9,50.0,200.0,35.23577122,93.22786098,30.16373712,14,0,8.349654336,09-02-2024,Under Maintenance,Low,142.8810257,216,6548.404871,93.78866972109353
920,Bangalore,Malleshwaram,Institutional,1993,9,250.0,1159.404864,63.87615582,92.99422741,27.13322252,3,0,5.179152859,07-06-2023,Under Maintenance,Medium,203.6815875,422,20552.22972,200.32298531119886
817,Bangalore,Koramangala,Residential,2009,13,76.37472651,299.2430907,70.53099712,84.28643366,53.50955693,7,0,13.70567908,28-06-2023,Under Maintenance,High,194.4815398,283,10235.14488,107.1764534725172
866,Bangalore,Jayanagar,Commercial,1992,12,50.0,580.3961949,31.85666855,78.22995368,70.31178826,3,1,7.223772336,26-08-2022,Closed,High,164.2932695,358,11313.76665,51.01569370682452
537,Bangalore,Indiranagar,Commercial,1990,1,50.0,951.7458641,22.67705595,92.37353167,59.49973426,10,0,7.7138363,02-12-2021,Closed,Medium,130.7722228,444,2882.085936,101.93807577215087
758,Bangalore,Hebbal,Institutional,2002,12,250.0,200.0,35.57196705,79.37206512,88.67620317,6,0,5.042548762,01-10-2023,Closed,Medium,107.082111,356,12898.77037,194.48009703789396
1113,Bangalore,Banashankari,Commercial,1977,11,115.4959476,665.5329742,38.44857652,92.52632377,100.0,1,0,5.437727763,01-07-2024,Closed,High,174.7840944,414,3985.345443,135.03140469816302
976,Bangalore,Hebbal,Industrial,2019,2,135.6090978,358.4840948,2.304693,47.2480111,14.21983377,4,0,6.881053955,07-08-2024,Operational,Low,127.384684,307,19628.38318,144.81959859275463
38,Bangalore,Whitefield,Institutional,2020,1,86.45630723,200.0,22.28193357,84.8597757,29.25184781,4,0,8.182888034,18-06-2022,Under Maintenance,Low,83.59069756,264,17202.53586,110.20223889950785
175,Bangalore,Hebbal,Institutional,2020,1,50.0,1006.741292,35.1189087,92.15257281,22.35286877,3,0,5.729556441,07-02-2022,Closed,Medium,191.3591625,183,17548.89565,97.68060877708012
245,Bangalore,Malleshwaram,Residential,2012,8,197.6642593,330.9784425,43.04296088,78.47338847,38.11498746,4,1,5.103868333,21-07-2022,Operational,Medium,133.2749382,175,17336.51351,114.01629741009525
810,Bangalore,Electronic City,Residential,1997,2,250.0,200.0,16.78375941,93.39520508,100.0,6,0,10.46524897,18-09-2023,Operational,Low,140.6564178,277,15031.3312,199.08493784639322
1247,Bangalore,Koramangala,Commercial,1990,1,50.0,1500.0,46.19016714,94.05439469,13.55498855,1,0,6.761967413,12-10-2022,Under Maintenance,Medium,111.5013384,237,11618.17122,89.08155646980678
1063,Bangalore,Whitefield,Institutional,1996,8,81.13262904,1211.530512,60.62248412,77.1915827,1.36053337,2,0,5.066414475,03-07-2023,Closed,Low,63.01431106,310,23863.61551,99.27133297510952
1037,Bangalore,Jayanagar,Residential,1988,10,193.5204656,402.4900486,21.35542115,62.50554172,75.14052617,9,1,18.10392539,26-05-2022,Operational,Low,76.78125599,24,20425.20909,106.2622187517509
784,Bangalore,Jayanagar,Industrial,1996,13,50.0,937.839428,31.6980472,80.11303312,100.0,7,1,5.829678956,13-10-2023,Operational,Medium,177.9895224,287,15622.95379,50.2682124684552
1233,Bangalore,Malleshwaram,Residential,2020,3,50.0,200.0,25.74127828,70.22490952,16.54564063,9,1,22.52292559,09-07-2023,Closed,Medium,278.9854669,284,15725.51897,61.568041937071584
489,Bangalore,Hebbal,Commercial,1998,5,165.7256871,534.6569346,26.08638197,91.51386747,1.630054433,9,0,6.815090447,19-07-2024,Closed,Low,194.0819878,265,6283.34299,160.08862726604724
154,Bangalore,Malleshwaram,Industrial,2022,13,250.0,327.0187575,25.14542634,57.03837895,41.2514188,1,0,10.81778475,27-10-2022,Operational,High,164.6536237,279,23083.20589,200.2358933089934
638,Bangalore,Indiranagar,Commercial,1982,8,50.0,1296.313686,51.76335727,76.14662078,12.23981031,1,0,18.42026427,04-11-2022,Under Maintenance,Low,85.50195501,474,15273.71977,92.65605783949474
662,Bangalore,Jayanagar,Residential,1997,7,139.6249513,1500.0,35.50694642,67.94953245,100.0,10,1,5.106150558,12-12-2021,Closed,Medium,148.3623365,265,19908.94918,90.81782469042003
853,Bangalore,Whitefield,Industrial,2012,10,250.0,1190.395784,22.34870505,88.79920541,100.0,9,0,6.892873934,09-07-2023,Operational,Medium,209.4508266,332,10784.80737,206.54734959143775
287,Bangalore,Banashankari,Residential,1988,10,58.67209393,342.8801078,12.9000234,79.03849593,11.93708397,7,1,9.465797726,06-11-2023,Under Maintenance,High,179.4158603,131,21428.46635,53.83724335812288
625,Bangalore,Banashankari,Commercial,1972,3,69.04688445,781.404145,23.08747028,85.94184724,27.65836802,5,0,8.449712398,19-06-2022,Closed,Medium,124.4392162,161,13330.83963,102.32045131444406
1173,Bangalore,Jayanagar,Commercial,1988,9,50.0,613.4547045,18.76578131,57.13954994,14.83387838,1,0,5.48779903,10-02-2024,Closed,High,146.8703436,28,31079.73622,92.2024825991024
685,Bangalore,Koramangala,Industrial,1978,4,122.0475633,1500.0,7.58313483,71.42527168,75.67781477,4,0,9.191329094,11-10-2022,Under Maintenance,Medium,185.6499215,179,23294.65627,138.72789411806193
1060,Bangalore,Jayanagar,Residential,1998,10,250.0,708.0820297,7.225645116,75.08073135,88.86763088,3,1,6.38105253,29-06-2023,Operational,Low,188.5849355,71,11830.06025,149.79255721654172
1111,Bangalore,Banashankari,Industrial,2020,12,50.0,548.2406856,23.05953239,70.49742702,69.97476833,8,0,9.852002283,22-11-2021,Closed,Low,160.8716437,52,17150.11037,93.33028361769863
569,Bangalore,HSR Layout,Industrial,2006,13,50.0,481.1691558,20.66164559,81.22102672,100.0,9,1,5.422315433,22-07-2022,Closed,Low,132.4243258,449,10062.78033,52.767893194593455
1190,Bangalore,Malleshwaram,Residential,2021,13,50.0,806.7896423,36.67411462,79.51657936,57.20727383,5,1,17.42389395,31-08-2021,Operational,High,155.2687753,352,10906.89456,48.9568888131298
734,Bangalore,Jayanagar,Industrial,1992,1,66.66921025,200.0,20.88259652,86.37575393,8.037869809,12,1,5.400635154,14-05-2023,Under Maintenance,High,201.4577819,348,13755.14421,64.88010646832822
792,Bangalore,Electronic City,Commercial,1974,9,105.7491661,741.0586448,16.50838759,65.46581059,100.0,5,0,6.725708416,14-03-2023,Under Maintenance,Medium,163.5789419,91,15204.28361,124.00614161207686
17,Bangalore,HSR Layout,Industrial,1975,8,55.79458731,200.0,27.29288965,80.38048286,6.170576613,3,0,15.20456675,09-04-2022,Operational,High,165.7123666,128,17218.084,98.04614755937637
127,Bangalore,Whitefield,Residential,2000,13,147.8508729,216.9689607,7.694456356,98.68033137,22.40186602,2,0,12.92278867,15-04-2022,Under Maintenance,High,121.6851135,60,13401.63446,141.36825321708614
322,Bangalore,Indiranagar,Institutional,1980,13,80.95427623,400.5363914,16.00795134,84.20280935,3.3279201,4,1,10.34118992,02-09-2021,Under Maintenance,Low,109.0889658,53,14096.12454,54.93241633733264
255,Bangalore,Koramangala,Residential,1995,2,61.0302744,200.0,8.967986035,93.81464789,13.07787803,1,0,5.089200842,14-11-2021,Under Maintenance,Medium,125.7882964,344,18147.47078,106.68222314976875
1027,Bangalore,Malleshwaram,Institutional,2022,1,250.0,705.7584889,45.10606243,92.96238869,8.423233144,9,0,12.96410207,22-11-2022,Closed,High,156.0015663,122,14531.86107,190.3093202606913
927,Bangalore,Hebbal,Industrial,2015,12,117.0131634,1029.688768,15.90736422,80.62166681,42.98597586,10,0,9.132564678,14-07-2022,Operational,High,168.8605938,159,12037.70562,132.1749515632226
1226,Bangalore,Jayanagar,Residential,1976,4,76.02364545,200.0,33.03267962,80.57773158,100.0,2,0,10.9389012,04-07-2022,Closed,High,152.1905736,183,11305.11658,107.30856684509556
190,Bangalore,BTM Layout,Residential,2013,12,50.0,1051.089117,34.71279734,68.88632174,69.84787491,7,0,10.58059199,05-06-2024,Under Maintenance,High,127.6742524,44,13551.56414,87.45600255426488
115,Bangalore,BTM Layout,Commercial,1978,11,153.8639798,200.0,8.644814337,51.12261189,4.138258047,2,0,8.48814854,05-07-2022,Under Maintenance,Medium,165.0773671,266,11524.48669,155.17953762536806
1220,Bangalore,BTM Layout,Residential,2003,9,250.0,258.4466055,34.89914729,88.91395786,8.216678232,3,0,8.407011118,03-08-2022,Operational,High,90.62007905,311,17486.91043,191.52303886825243
1193,Bangalore,BTM Layout,Residential,1971,5,145.4994286,1500.0,35.12018191,61.59655647,100.0,6,1,6.032687729,15-10-2023,Closed,Low,165.9890967,326,8887.01326,97.48862202401268
606,Bangalore,Yelahanka,Residential,1997,8,50.0,1406.668221,25.34361866,93.37444588,12.68380458,1,0,10.06963026,22-09-2022,Under Maintenance,Medium,111.31054,133,6557.615835,90.11858581368213
180,Bangalore,Electronic City,Institutional,2022,7,50.0,200.0,11.49036785,68.05903375,17.65538521,4,0,6.761557882,14-08-2023,Operational,Medium,181.2833674,262,20917.67722,104.00967283132502
301,Bangalore,Yelahanka,Industrial,2000,11,56.84317055,276.0985268,40.67186747,92.80522475,13.91231356,4,0,6.815494426,31-01-2022,Under Maintenance,Medium,121.990948,438,13208.10951,100.69825433251516
496,Bangalore,Electronic City,Commercial,2011,6,65.71827795,200.0,61.40536571,88.14604438,2.98460668,1,0,5.288233166,05-03-2024,Operational,Medium,98.13769228,417,9643.888568,98.02037461756773
348,Bangalore,Jayanagar,Commercial,2007,7,50.0,200.0,19.25927537,64.07607394,1.837966998,2,0,5.437638321,20-01-2024,Under Maintenance,Medium,114.0777889,489,9279.419057,102.58516308033782
1079,Bangalore,Yelahanka,Industrial,2022,3,250.0,200.0,3.901858278,58.84628632,3.534807424,2,0,12.32230211,02-09-2022,Closed,High,192.5110871,26,21844.42293,199.6622741917675
36,Bangalore,HSR Layout,Industrial,2010,13,50.0,200.0,37.06041496,69.35730638,5.615737715,9,0,10.26768209,18-05-2024,Under Maintenance,High,160.4431798,387,16972.99468,100.54866191922378
744,Bangalore,Koramangala,Institutional,2005,11,50.0,1391.809888,56.8243526,92.74841136,54.03612781,5,0,7.738449429,15-04-2022,Under Maintenance,Medium,175.882951,385,5081.842636,97.84594046874561
1127,Bangalore,Koramangala,Commercial,1975,9,78.75217499,1500.0,17.46292042,69.68840169,16.98550548,6,0,41.56869869,04-06-2022,Closed,Low,112.2862075,99,17715.1918,105.38524014400322
1034,Bangalore,Banashankari,Institutional,2012,7,50.0,200.0,14.26409056,70.72728825,100.0,2,0,9.174978091,13-05-2023,Operational,Low,125.8406769,258,13893.25916,97.76397669400313
517,Bangalore,Electronic City,Residential,2015,5,124.7735792,646.2981933,53.02447091,65.0299186,20.04626443,1,0,8.589705613,06-12-2023,Under Maintenance,Low,101.1222378,357,14303.09802,127.95382000800724
372,Bangalore,Jayanagar,Industrial,2012,5,50.0,247.864278,30.07893425,93.90573255,60.49868379,4,0,16.85017427,19-03-2022,Operational,Medium,222.5571804,418,7720.072274,108.8408738634752
45,Bangalore,Jayanagar,Institutional,1997,2,81.46918489,200.0,52.27340801,80.22495393,19.71569,8,0,9.200732991,02-07-2022,Operational,High,114.0077896,19,21483.19385,97.44844026172645
476,Bangalore,Whitefield,Residential,2006,11,50.0,712.1712524,15.47882072,88.26093746,79.29306607,8,0,8.860902331,07-01-2022,Closed,Medium,178.8278482,463,14364.29793,108.79441129667882
157,Bangalore,Koramangala,Residential,2008,1,107.541572,491.4594964,15.98713873,63.62150513,28.26118725,4,1,7.067347062,05-10-2022,Operational,Low,173.691646,266,17642.30946,81.28630780725894
1091,Bangalore,Indiranagar,Industrial,1992,13,157.3219589,200.0,39.77687172,89.95263841,72.38324238,3,1,6.493625729,23-09-2023,Under Maintenance,High,148.1388882,254,13593.14732,98.2399675393508
171,Bangalore,Indiranagar,Industrial,2014,10,50.0,212.3167511,3.689723952,84.84693708,3.737032888,4,0,5.400285942,06-11-2023,Closed,Low,109.2094858,420,20900.09656,102.93453441397281
16,Bangalore,HSR Layout,Residential,2016,3,50.0,200.0,17.75353581,66.77496131,29.61442386,9,0,14.78115812,16-09-2023,Closed,Low,99.35844398,339,2983.801045,96.8873876232279
511,Bangalore,Yelahanka,Residential,1983,6,50.0,1500.0,70.79130775,39.31651212,100.0,1,0,5.138531713,26-04-2023,Closed,High,147.4880945,107,18655.02123,84.40738278155432
48,Bangalore,BTM Layout,Commercial,2007,2,59.34178485,303.5352344,6.834948187,93.43379338,8.245380619,5,0,5.54533016,07-02-2022,Operational,Low,167.1809145,229,7950.935487,106.95765630164232
191,Bangalore,Indiranagar,Industrial,2019,12,170.6342419,200.0,36.84488391,95.03222285,7.023927241,6,0,12.51784357,01-05-2022,Operational,Medium,192.8199397,143,15915.04975,156.5698159111174
546,Bangalore,HSR Layout,Industrial,1976,3,50.0,1259.92038,8.787901085,48.46175291,13.41267995,1,0,36.81715386,08-01-2022,Closed,High,178.8536064,153,9476.845038,101.2331628898027
515,Bangalore,Whitefield,Residential,2014,10,50.0,392.562595,21.07637588,87.42473528,4.36738681,5,1,5.431617984,23-09-2023,Closed,Low,187.7695613,242,23407.94188,51.94743360032878
658,Bangalore,Malleshwaram,Institutional,2016,13,155.7336917,395.9083443,4.492350996,84.02971767,100.0,1,0,7.587975446,17-05-2022,Closed,Medium,159.904238,427,13702.6595,160.92850227793926
1024,Bangalore,Whitefield,Industrial,2002,6,250.0,1500.0,22.00439365,47.67654874,100.0,3,0,8.845788797,15-07-2024,Under Maintenance,Medium,236.3771585,107,10077.8604,202.97007163310357
828,Bangalore,Banashankari,Industrial,1990,5,200.6263427,1500.0,45.34355825,87.69731259,8.483583601,6,1,9.900454144,06-12-2023,Under Maintenance,Low,128.9906591,446,10216.88184,122.64655248862073
1047,Bangalore,Koramangala,Commercial,1998,6,50.0,200.0,24.93053778,60.86596379,100.0,3,0,5.350723856,19-09-2022,Under Maintenance,High,71.18039215,180,20202.46319,87.92327202117876
480,Bangalore,BTM Layout,Commercial,2004,11,74.44712178,365.6488331,25.74468237,66.81337431,100.0,4,0,6.39811109,26-02-2023,Under Maintenance,Low,143.6041204,293,9652.780068,110.55690271549618
959,Bangalore,Yelahanka,Commercial,2005,7,200.9308636,1500.0,10.31882194,97.31942299,100.0,1,0,7.480254634,10-08-2021,Operational,Medium,172.385428,301,14652.47025,179.6970159821866
1175,Bangalore,Whitefield,Commercial,1996,6,116.474551,1500.0,13.8063648,70.09402926,100.0,2,0,9.753208958,06-09-2021,Closed,Low,135.9662462,76,9292.716004,126.65168686306613
283,Bangalore,Whitefield,Institutional,1992,9,50.0,200.0,39.45052742,89.94880618,44.7371809,8,0,8.629397246,27-03-2023,Operational,High,88.10922506,13,20156.58031,81.41132896006576
1073,Bangalore,Malleshwaram,Commercial,1977,13,50.0,370.1549898,46.71799799,84.60781026,100.0,4,0,9.173602541,13-04-2022,Closed,Medium,85.85038879,112,13582.0642,82.75536117845715
797,Bangalore,HSR Layout,Commercial,1986,5,124.9073196,1230.436901,15.0393919,42.55424264,14.19560964,9,0,7.799911037,11-06-2022,Under Maintenance,High,184.0750349,378,21321.47294,144.76774248046314
1230,Bangalore,Banashankari,Institutional,1987,11,250.0,322.6428998,24.38543179,66.3579995,34.3227061,6,0,16.95603689,11-12-2021,Closed,Low,122.1254107,47,21427.0117,189.08187472196082
225,Bangalore,Yelahanka,Institutional,2007,5,50.0,330.4188952,28.60820653,67.36431872,11.65025469,3,0,5.810624926,13-02-2023,Under Maintenance,Low,204.4475298,83,14088.29818,97.53946849163682
26,Bangalore,HSR Layout,Industrial,1974,8,50.0,200.0,43.10713036,93.78018854,4.88626389,11,0,20.23075559,15-12-2022,Under Maintenance,Low,92.45032113,357,6526.247376,91.39580415548849
282,Bangalore,Koramangala,Institutional,1979,10,50.0,377.7935174,59.5547474,97.86984979,16.83155328,4,0,72.0,23-06-2024,Closed,Low,229.3008408,9,17386.65728,91.31043610282676
1196,Bangalore,Yelahanka,Residential,2015,1,250.0,300.206709,51.89475495,59.28014666,22.27110766,8,1,10.03218175,22-03-2024,Operational,Low,149.0181101,431,10424.58504,147.8600585487666
437,Bangalore,HSR Layout,Industrial,1982,2,129.388939,667.6001405,52.164416,93.07284428,100.0,14,0,11.57680194,12-02-2024,Under Maintenance,High,80.99492709,359,7615.155692,128.2003505661255
1214,Bangalore,Jayanagar,Institutional,2021,12,177.4698357,969.3236433,26.53570813,87.01645487,61.34494249,8,0,8.967361891,15-06-2024,Under Maintenance,High,135.2525161,342,17530.32069,162.34286328383985
364,Bangalore,HSR Layout,Industrial,2004,1,212.859536,200.0,13.95042533,82.77639307,62.44677485,1,0,20.30486721,24-07-2024,Closed,Medium,184.5071996,121,21586.2297,180.89263896185554
229,Bangalore,Koramangala,Industrial,2014,8,74.80007893,200.0,17.27236676,85.54277967,14.58546508,5,0,10.0459256,11-06-2023,Under Maintenance,Medium,183.9798874,354,13739.21575,118.10812706097339
37,Bangalore,Electronic City,Residential,1987,6,50.0,200.0,24.92853794,71.2205175,17.08368414,2,0,5.138372863,20-10-2022,Under Maintenance,Medium,52.01649381,128,13382.41278,84.34373661760112
669,Bangalore,Banashankari,Institutional,2000,1,50.34087723,532.0864432,36.17175526,72.63879655,9.461664339,5,0,5.098191108,17-02-2023,Closed,High,204.5753426,421,16269.5786,106.2972338571123
749,Bangalore,Malleshwaram,Residential,1988,12,146.8198956,331.5462936,33.17016319,84.01302505,36.67189354,8,0,12.69352108,23-12-2022,Closed,Medium,79.66694516,216,16471.0251,136.3824794272589
1227,Bangalore,Yelahanka,Residential,1985,5,50.0,1500.0,61.69928599,68.13035045,0.476758265,3,0,18.38377456,28-07-2023,Operational,Medium,142.6498999,369,11273.91358,93.31382928935756
374,Bangalore,Banashankari,Institutional,2003,1,50.0,200.0,22.59181207,78.74873062,49.03914427,3,0,6.900100107,19-02-2023,Closed,Low,257.6591229,391,15316.18829,113.19006256735778
469,Bangalore,HSR Layout,Commercial,2017,5,247.715258,273.358617,6.974461356,56.41511963,14.95700317,4,1,13.29289077,14-03-2023,Operational,Low,121.209088,397,20883.91691,151.9294943292766
882,Bangalore,Indiranagar,Commercial,1971,8,50.0,820.4254417,24.50224053,83.7586664,2.087627661,9,1,5.031081649,25-07-2023,Closed,Low,125.5280279,112,20787.45366,41.17476801740889
1068,Bangalore,Indiranagar,Commercial,1983,9,65.68789974,547.8841855,16.95314488,83.65141501,94.18907338,3,0,6.966740969,09-02-2023,Closed,High,126.6149399,243,12811.90988,104.56830073734055
1228,Bangalore,Malleshwaram,Commercial,2012,8,250.0,200.0,59.94991333,94.31767658,3.910714167,1,1,5.835836468,06-06-2022,Operational,High,198.1939558,189,15069.94058,143.55623615217453
687,Bangalore,Hebbal,Commercial,1974,12,50.0,1500.0,25.90520488,60.33792981,93.4618786,7,0,9.583693183,25-12-2021,Closed,Medium,131.2589596,183,11642.44578,93.83147568815203
32,Bangalore,Malleshwaram,Residential,1995,3,50.0,246.0547272,42.95383614,93.33434518,2.099681791,3,0,6.545951402,30-08-2022,Closed,Medium,149.3251388,270,15747.10685,94.50840319651033
639,Bangalore,Indiranagar,Commercial,2014,6,71.04974772,1500.0,12.26821649,81.26746031,19.14652599,2,0,5.187485898,29-10-2022,Under Maintenance,High,85.2460614,381,11990.02927,108.21316209858192
1222,Bangalore,Whitefield,Institutional,2019,10,84.93352088,1500.0,24.82562813,88.37984847,41.74260983,2,0,9.250072186,05-12-2021,Operational,Low,181.688844,156,15137.93176,115.46672073396049
194,Bangalore,Banashankari,Residential,2016,11,50.0,607.8094867,5.703267471,79.06859156,1.261909785,9,1,5.627315307,21-02-2023,Operational,Low,158.6590463,486,12375.7261,59.51456521945591
1151,Bangalore,Whitefield,Residential,2022,2,250.0,200.0,9.554965817,50.28865605,100.0,6,1,6.258834851,24-09-2022,Under Maintenance,Medium,50.0,82,10025.97879,135.2791697080814
1159,Bangalore,Electronic City,Commercial,1981,5,50.0,605.1392725,15.39532205,63.24941299,22.74491191,3,0,5.736951932,27-11-2022,Closed,Low,133.7584308,166,12375.01837,95.64428454255689
895,Bangalore,Jayanagar,Institutional,1999,12,50.0,1500.0,36.90807777,73.55953168,5.847474285,8,1,6.695207752,21-04-2022,Closed,Low,182.4354944,221,9217.798632,47.75633856714821
503,Bangalore,HSR Layout,Institutional,1992,9,126.0680376,276.0189619,43.84693038,45.48878098,55.2218741,3,1,11.57568527,30-07-2023,Under Maintenance,Medium,178.1484618,476,15699.39112,91.90459109765285
915,Bangalore,Hebbal,Residential,1972,10,85.93880926,1500.0,14.24128834,80.93920204,80.72092712,6,0,10.01815114,29-04-2024,Under Maintenance,Low,163.9510763,202,7888.699089,117.76686257045169
1245,Bangalore,Malleshwaram,Residential,1985,10,147.6133126,677.9147454,29.60292705,84.90523689,51.34018614,9,0,8.304416408,20-02-2022,Operational,Low,88.80298666,371,10955.77425,143.04731718728868
1133,Bangalore,Yelahanka,Commercial,1971,2,50.0,563.8488707,11.11110285,65.53958211,24.81162973,8,0,8.106844874,08-06-2022,Closed,High,172.6767151,247,21092.16141,102.8000551164699
800,Bangalore,Hebbal,Commercial,1973,9,184.259618,613.0441206,28.73951415,89.50313823,12.3981282,2,0,6.520673358,31-05-2024,Operational,High,196.9141903,214,11401.67415,167.59829381758
160,Bangalore,Indiranagar,Institutional,1990,2,50.0,200.0,29.7942001,91.92391979,18.6703365,2,1,6.473057089,23-07-2022,Closed,Low,101.2659165,383,13877.58923,45.7385124309634
956,Bangalore,Yelahanka,Residential,1989,9,109.7575399,328.5559149,35.89493854,95.49120474,32.33100536,7,1,12.68054028,09-10-2021,Closed,Medium,167.1362673,343,24846.70168,79.74849692648853
821,Bangalore,HSR Layout,Commercial,1989,12,50.0,732.6905335,9.643052481,98.01330795,1.024457524,5,0,8.83428923,20-12-2023,Closed,Medium,220.467372,158,27107.32566,104.87799362522789
1061,Bangalore,Banashankari,Commercial,1999,9,250.0,1500.0,2.547606373,95.01956236,21.56914444,6,0,5.637629898,12-11-2021,Closed,High,50.0,413,19392.0649,192.68756999864962
877,Bangalore,Jayanagar,Industrial,2019,1,161.3474673,200.0,30.48866391,64.21777135,89.29047192,7,0,6.195785433,18-07-2022,Operational,Medium,161.1893976,15,18237.03763,146.50276291269452
913,Bangalore,BTM Layout,Industrial,2002,10,78.99540589,1500.0,58.40392095,80.80018372,17.86941753,6,0,8.36741475,27-08-2021,Operational,Medium,228.872664,105,19615.89153,109.04618331661737
152,Bangalore,Whitefield,Industrial,1991,8,50.0,200.0,20.21331474,48.05502414,3.407089327,8,1,6.545677971,18-03-2024,Operational,Medium,115.9987639,147,14666.94322,42.48666320270754
1142,Bangalore,Banashankari,Institutional,2021,7,169.9880847,563.0480136,25.98606287,91.73252476,100.0,9,0,5.329303341,23-07-2023,Under Maintenance,Medium,142.4972206,431,14674.93089,162.05922659323736
509,Bangalore,BTM Layout,Institutional,2021,9,97.02030031,793.983477,48.99033519,74.41287269,86.61142253,9,1,17.09854397,11-02-2023,Operational,High,108.4524942,256,13570.33428,62.49320380804481
1048,Bangalore,HSR Layout,Industrial,1987,2,250.0,200.0,16.06966038,98.32993865,69.89700229,4,0,9.785872983,20-02-2024,Under Maintenance,Medium,223.8270175,370,14405.09404,210.28547028612948
103,Bangalore,Hebbal,Commercial,1994,3,53.28278829,387.5764702,9.594303037,83.37580296,24.03808994,2,0,5.259344431,18-06-2022,Closed,Low,109.8861365,51,15113.05012,92.40738916189191
586,Bangalore,Malleshwaram,Residential,1993,13,50.0,200.0,13.84656342,91.55640591,21.71610826,8,0,17.83586978,12-08-2023,Closed,High,127.031955,203,22821.45132,96.10831875919878
1105,Bangalore,Jayanagar,Commercial,2005,9,50.0,200.0,56.89400559,60.07690229,16.5034471,3,0,7.414623875,28-09-2022,Under Maintenance,Medium,98.00470364,309,12649.6314,88.09090022347233
53,Bangalore,Jayanagar,Residential,2009,10,168.9113998,233.8052664,15.32520284,99.92370738,21.19352025,3,0,5.621077885,21-10-2022,Closed,Medium,180.5838144,102,11439.81257,157.50980370240435
151,Bangalore,Electronic City,Industrial,1998,3,50.0,200.0,47.84351308,92.07253422,3.033752791,6,0,11.52111779,02-01-2023,Operational,High,167.3224105,456,16470.36481,100.92281308928487
403,Bangalore,Jayanagar,Commercial,1981,13,131.3499418,200.0,22.75007483,88.40237987,1.556020584,8,0,8.111069423,03-02-2024,Under Maintenance,Medium,152.3490297,171,10384.21129,136.6058351041237
207,Bangalore,Yelahanka,Industrial,1996,1,81.68717905,338.5792632,34.69396462,89.00349319,33.56100656,2,0,5.816865233,24-07-2022,Operational,Medium,175.6892975,368,8552.416403,117.62369142366103
1181,Bangalore,Indiranagar,Institutional,1994,9,62.7534135,1500.0,48.15466301,60.96734789,59.33631865,3,0,6.718130311,07-11-2022,Operational,High,219.6001143,124,17152.68947,102.816112100823
8,Bangalore,Yelahanka,Commercial,2004,10,68.93116152,200.0,26.19455588,73.04049722,49.60335887,3,0,9.501111489,11-03-2024,Under Maintenance,High,126.5262807,245,9997.236826,104.49889268212523
1014,Bangalore,Malleshwaram,Residential,1984,11,183.4097345,934.1736288,16.88835988,80.14014187,15.0445293,1,0,9.081514662,23-05-2024,Closed,High,236.7981902,391,11808.53537,178.93561287112624
452,Bangalore,Indiranagar,Institutional,1980,5,50.0,373.6992283,17.59243375,80.15358458,100.0,2,0,7.112091811,02-05-2023,Closed,Low,100.7136977,414,11730.9832,99.1713471725223
253,Bangalore,Malleshwaram,Commercial,2013,12,50.0,200.0,7.689874867,36.12589435,2.046285777,4,0,5.361141595,16-08-2022,Closed,Low,201.623263,403,9011.503246,111.35309238585575
896,Bangalore,Banashankari,Institutional,2002,3,52.04003829,614.8263184,14.02557283,58.0984828,93.8529947,7,0,11.022729,18-10-2022,Closed,High,141.644096,325,18653.97295,102.54832934941574
1093,Bangalore,HSR Layout,Commercial,2002,5,107.8277629,438.1504387,48.2732003,89.05026694,20.49243832,4,0,5.471255371,21-12-2023,Operational,Low,152.5972943,34,10123.91103,115.6484681496365
880,Bangalore,BTM Layout,Residential,1977,7,50.0,200.0,20.32762206,89.32544863,100.0,1,1,6.977219986,06-10-2021,Closed,High,276.3466213,39,16128.35483,54.84588323106811
1179,Bangalore,Whitefield,Residential,1975,11,116.8929029,1500.0,4.659523059,85.3661376,31.65180236,2,0,5.84529139,30-09-2023,Operational,Low,94.82053414,461,12813.36158,135.97293887612113
623,Bangalore,Jayanagar,Industrial,2018,7,50.0,1500.0,36.3180908,70.80963532,88.0061995,7,0,10.38966405,04-02-2022,Closed,High,217.2710023,169,21501.54773,99.82538571757489
345,Bangalore,Yelahanka,Institutional,2009,6,71.75418247,259.1001751,12.52938933,78.59353187,6.180382798,12,0,11.61116677,24-11-2021,Under Maintenance,Medium,161.6024969,22,10168.0587,105.40552773708818
1074,Bangalore,Whitefield,Industrial,1975,3,250.0,1500.0,65.04893754,79.86355937,20.44333,2,0,12.14645041,24-03-2022,Operational,Low,199.813341,204,21714.97539,193.29291099553572
262,Bangalore,Electronic City,Industrial,1976,13,50.0,933.8396175,40.19090012,68.46075553,1.710477552,3,0,18.62429195,24-04-2023,Operational,Medium,50.0,122,6889.868109,74.73087572035465
150,Bangalore,Yelahanka,Commercial,1991,4,179.1645713,200.0,48.35382002,75.52613544,6.820470497,11,1,5.286714821,16-01-2024,Operational,Low,162.5246425,145,6147.830487,105.75872454332938
472,Bangalore,HSR Layout,Institutional,2001,9,50.0,361.3647059,43.74840502,50.82486516,9.676298597,3,0,7.735014731,21-11-2021,Under Maintenance,Low,74.24044689,279,8504.821819,87.53611503340724
640,Bangalore,HSR Layout,Industrial,1978,11,50.0,200.0,16.13760416,79.65196524,31.55498553,2,0,9.758403751,20-12-2022,Under Maintenance,Low,133.210765,253,17398.04393,97.88703601914935
1242,Bangalore,Jayanagar,Residential,2023,5,221.0538066,1434.637029,26.05195557,63.28986334,1.399850407,2,0,7.257653764,16-06-2023,Under Maintenance,Low,120.9159543,101,17144.11277,175.80520898285678
1176,Bangalore,Malleshwaram,Residential,2005,8,227.0137845,200.0,58.03000722,81.65339015,29.12570185,5,1,13.83855295,30-04-2023,Under Maintenance,High,65.35215929,18,23761.05579,114.15957283352309
550,Bangalore,Yelahanka,Industrial,1996,8,55.07323953,1500.0,24.18549462,54.51517815,36.61565986,4,0,10.03497672,03-06-2023,Operational,Low,154.3294894,216,15147.54296,100.06731799686449
928,Bangalore,Hebbal,Commercial,2017,4,150.5545998,1184.662368,50.26500466,94.49125512,18.5284973,2,1,17.87463916,10-04-2024,Operational,Medium,228.2762015,344,16779.75607,103.42700656297168
488,Bangalore,Indiranagar,Residential,2016,13,225.2997004,458.4851834,16.1662324,93.5294141,20.7829365,6,1,6.388168535,15-09-2021,Operational,High,234.3570818,373,5318.153625,149.10701775436286
1249,Bangalore,Yelahanka,Residential,2017,8,143.8211534,1500.0,13.85540971,77.49962593,13.55498855,2,1,5.844906175,21-03-2023,Under Maintenance,Low,72.20521769,391,14301.78179,93.31502026768187
146,Bangalore,Whitefield,Residential,2023,10,70.53690532,200.0,34.04942838,84.51381947,12.66909312,4,0,7.036904248,30-09-2022,Under Maintenance,High,88.15246446,405,16781.16561,104.5786752349096
402,Bangalore,Banashankari,Commercial,1977,8,52.77806173,200.0,44.46406105,89.51792067,2.138242032,8,0,15.4882441,28-07-2024,Operational,Low,150.262185,106,16155.07707,90.80725794689091
954,Bangalore,Banashankari,Industrial,1988,9,81.39144515,1346.70495,62.03944682,89.83789799,12.99935196,8,0,7.184240384,04-08-2023,Operational,Low,145.8924411,139,15988.57687,102.14869833913716
1171,Bangalore,Yelahanka,Industrial,1985,4,250.0,200.0,29.67976227,80.43365689,69.77112213,4,0,9.458971627,26-05-2022,Closed,Low,164.0595712,197,16293.28015,196.57566809694688
659,Bangalore,Banashankari,Residential,2014,2,126.8672582,200.0,80.88683481,68.73707564,68.00573714,6,0,18.03725808,10-01-2024,Under Maintenance,Low,142.7819794,220,7505.876105,123.44708932198029
463,Bangalore,HSR Layout,Commercial,2004,4,65.66653329,615.8166221,19.07131421,81.31066129,100.0,1,0,10.44662009,12-10-2021,Closed,High,160.6989955,74,11377.68916,102.49579674377111
186,Bangalore,Whitefield,Residential,1982,4,127.4613054,200.0,35.04764235,93.72271635,8.528673591,5,0,8.206945694,04-03-2024,Operational,Medium,173.6618812,108,11674.54026,132.39008518936774
608,Bangalore,BTM Layout,Industrial,1983,8,52.50038885,1500.0,55.5714541,82.38171212,76.67233017,1,0,5.618175425,30-07-2022,Under Maintenance,High,61.06398755,53,5682.63592,78.0084852392786
143,Bangalore,BTM Layout,Institutional,1970,2,50.0,220.0495036,17.97942366,73.80301171,8.597977299,4,0,6.059227099,19-01-2024,Operational,Low,159.2316929,22,10141.3622,93.24925444356153
751,Bangalore,Whitefield,Institutional,2014,7,250.0,283.6618963,56.97008107,97.607795,6.694970917,5,0,6.531715557,18-01-2022,Closed,Low,82.41576972,218,6468.002948,183.41148280791833
981,Bangalore,Jayanagar,Residential,2020,9,221.0474939,200.0,16.45051589,91.99888128,95.08192857,7,1,5.133892257,05-11-2023,Operational,Low,171.2728781,415,17284.31628,141.89094276812483
197,Bangalore,Jayanagar,Institutional,1983,4,170.5573012,546.2612585,17.97053624,97.6649838,2.079517687,2,0,12.03014309,20-07-2022,Operational,Medium,157.6862553,285,11141.72703,161.02651904372763
883,Bangalore,Yelahanka,Residential,1991,13,50.0,749.5051147,13.80110985,77.39765925,100.0,6,0,6.138649093,30-06-2024,Under Maintenance,Medium,202.2080439,453,13275.76983,111.27660582284537
279,Bangalore,Koramangala,Residential,2007,12,119.1464606,232.4121414,18.09983488,81.64581364,4.141881618,8,0,27.7013498,03-06-2023,Under Maintenance,High,130.7343202,58,13446.76559,125.9502372032912
293,Bangalore,Malleshwaram,Institutional,1979,3,50.0,200.0,31.98201478,76.12397045,29.22315612,1,0,26.21395637,26-02-2023,Operational,Medium,192.4801049,367,14635.44516,104.10036782460513
1134,Bangalore,Indiranagar,Industrial,1974,13,172.4505191,383.9974241,39.76804993,55.95253875,100.0,4,0,5.892431486,22-04-2023,Operational,Medium,137.7921682,4,16651.89409,147.61134100004676
400,Bangalore,Jayanagar,Commercial,1985,7,50.0,200.0,41.0530211,46.40092883,1.285022206,15,0,23.61451049,13-09-2023,Under Maintenance,Medium,70.27861706,102,15338.65197,82.41324819772815
122,Bangalore,Electronic City,Industrial,1980,4,50.0,578.0369303,23.51125179,73.39956654,0.640851023,4,0,8.408952818,15-02-2024,Closed,High,220.1397155,475,11500.32395,111.82772553128049
202,Bangalore,BTM Layout,Residential,2014,9,50.0,609.5498728,29.66697132,52.51244357,16.64900194,4,0,5.154310215,30-12-2021,Closed,High,204.1525622,227,16760.19555,101.76673751617639
835,Bangalore,HSR Layout,Residential,2013,6,81.43143244,688.781739,51.69921473,97.40376497,99.77093555,8,0,11.79290316,09-07-2022,Under Maintenance,Low,161.7107366,371,16137.33634,112.7029092869826
246,Bangalore,HSR Layout,Industrial,1992,5,50.0,289.873119,14.02701318,88.93020209,11.36086721,6,0,14.16410568,01-03-2024,Operational,Low,126.2527344,372,6439.038199,101.09056878729521
1186,Bangalore,Koramangala,Residential,2021,7,174.6578825,486.9657232,73.81382845,52.89266953,57.7002559,4,0,7.783074343,29-10-2023,Closed,Medium,100.8756303,23,12618.63489,138.81481189700847
1174,Bangalore,HSR Layout,Institutional,2001,1,150.7706292,341.4271728,60.40188429,67.34340781,9.192955096,5,0,5.774218521,17-06-2022,Operational,Low,112.3017706,299,17441.99781,138.83168071956663
384,Bangalore,Yelahanka,Commercial,1992,4,99.62201841,785.9204078,15.90818131,76.46698888,35.2872018,7,0,11.7262156,21-11-2021,Closed,Medium,112.0433669,489,15808.39456,127.73903974643152
854,Bangalore,HSR Layout,Industrial,2017,5,50.0,1500.0,40.68766392,73.38815035,78.53200854,5,0,5.885901732,25-06-2024,Under Maintenance,Low,221.0252124,423,12682.95833,106.92110695244926
219,Bangalore,BTM Layout,Commercial,2020,3,141.8967058,457.5090171,3.580357825,63.12937392,1.677269287,5,1,5.836156337,04-08-2022,Closed,High,154.093707,464,13290.27094,104.93035829273163
641,Bangalore,Malleshwaram,Commercial,2011,3,58.30871419,513.3192567,6.776528093,89.81739156,72.08710614,9,0,8.821184244,07-02-2023,Operational,High,233.4510763,119,21384.74627,109.81598518724697
1,Bangalore,Whitefield,Institutional,1980,6,225.7591073,200.0,46.40551588,45.10899972,10.17777052,10,0,34.13949198,18-05-2024,Under Maintenance,High,143.0867849,91,15230.42507,176.18603897094408
112,Bangalore,Jayanagar,Commercial,2013,2,199.1212564,292.6264373,17.61382892,78.73554723,2.341945819,3,1,6.407029145,12-12-2022,Under Maintenance,Low,153.0115105,225,9734.345585,123.30165799340512
698,Bangalore,Jayanagar,Residential,1978,1,50.0,397.7838153,10.74814623,58.87312303,21.61550659,1,0,8.587586281,25-11-2021,Closed,Medium,196.201351,173,9929.558334,103.0717746197345
951,Bangalore,HSR Layout,Commercial,1995,6,164.0601344,200.0,38.48094844,93.79791248,48.13205343,13,0,9.033076733,17-03-2022,Operational,Low,167.6027698,194,14117.03153,151.9761753697715
1124,Bangalore,Malleshwaram,Industrial,2013,12,159.7368752,1117.693041,12.06966514,78.34023338,2.906103922,13,1,5.391068901,29-12-2021,Operational,Low,231.6715766,82,16337.16517,108.29825989970547
441,Bangalore,Whitefield,Residential,2002,6,250.0,698.2925482,28.42302721,84.75988476,42.5953983,12,0,17.74604928,21-05-2022,Under Maintenance,Medium,148.3652626,360,10225.07323,200.10432196992954
663,Bangalore,Malleshwaram,Institutional,2011,11,50.0,459.3557683,17.17085606,97.43866904,100.0,5,0,6.464183113,19-04-2024,Under Maintenance,Medium,122.8287614,134,13289.97866,92.89431824193116
1141,Bangalore,Whitefield,Industrial,2023,12,64.11272009,200.0,7.799473747,85.16884552,25.1052072,10,0,6.187691151,09-02-2024,Operational,High,218.7853407,414,19066.77976,119.94331090695809
317,Bangalore,BTM Layout,Commercial,1991,6,50.0,200.0,52.33899631,90.22402088,59.8397102,3,0,8.027886165,10-06-2022,Under Maintenance,High,134.4866622,336,15852.07134,93.15862674623273
648,Bangalore,BTM Layout,Industrial,1986,4,233.5063549,439.1013705,14.4532299,64.16578587,24.41166866,13,0,6.304587358,13-04-2022,Closed,Low,138.4532735,168,18079.77545,188.10620096025661
709,Bangalore,Whitefield,Commercial,2006,3,171.6212027,1500.0,62.59464828,73.96506769,47.07647414,9,0,11.79256036,07-08-2024,Closed,Low,234.8228184,105,13844.81532,155.1843028585502
972,Bangalore,Koramangala,Commercial,1993,8,197.8357907,200.0,4.526785104,82.44324218,73.8742407,8,0,5.368349198,01-08-2022,Operational,Low,192.0321774,335,17073.50257,182.4413236523436
627,Bangalore,HSR Layout,Commercial,2010,4,206.4343411,710.0096501,24.41664361,60.91049702,37.45873515,9,0,6.885988729,01-01-2022,Under Maintenance,Medium,143.710654,191,18288.17832,173.82580225730177
632,Bangalore,HSR Layout,Residential,1977,3,107.5168668,1011.402155,12.90070837,65.06675399,7.659139288,6,0,13.53812802,02-05-2022,Closed,Low,142.0996051,10,4835.132259,121.03758469320505
1218,Bangalore,Jayanagar,Industrial,2021,13,159.4192642,645.397629,29.38052445,45.91554445,62.02262868,13,0,7.365685722,23-04-2023,Operational,High,108.2326473,291,9695.582892,148.9276364992012
1163,Bangalore,Electronic City,Commercial,1987,5,204.0988205,200.0,25.00308389,98.65283355,46.60273099,2,0,38.67188091,03-04-2024,Under Maintenance,Medium,67.73006265,441,11357.24908,172.06527140171553
795,Bangalore,Jayanagar,Institutional,1974,12,250.0,1283.067612,58.91391284,92.98301172,59.58502524,4,0,10.27923415,02-12-2023,Closed,Low,202.6576427,260,9094.718622,196.35315158146454
645,Bangalore,Malleshwaram,Commercial,1975,1,250.0,1320.773683,51.4377297,81.41572917,85.11361869,1,0,14.88260382,26-07-2022,Operational,High,136.3638215,72,7972.105447,185.69467891956162
1012,Bangalore,Indiranagar,Institutional,1975,2,250.0,1500.0,36.11455921,91.59050741,18.16811371,9,0,12.98054041,25-01-2024,Under Maintenance,Medium,253.7630436,287,20902.14179,206.84748744702634
556,Bangalore,HSR Layout,Institutional,1978,12,50.0,1082.849018,32.99151195,89.6111986,76.09344465,1,0,22.88519426,21-07-2023,Operational,Medium,125.6196888,127,9902.610842,89.87755450363753
681,Bangalore,Banashankari,Industrial,2022,11,50.0,824.3603206,44.1030391,93.64555665,31.16434703,9,0,8.986107998,24-08-2023,Operational,Low,93.54741144,400,22016.90266,92.59767775741386
577,Bangalore,HSR Layout,Commercial,2010,9,195.8747072,1500.0,21.43197805,86.78797279,16.74778975,8,0,6.477804654,02-02-2023,Operational,High,188.5432597,379,17253.5781,179.00740423153482
1109,Bangalore,Banashankari,Residential,1976,6,50.0,200.0,13.14527822,96.09211587,5.80083924,8,0,15.78539427,01-09-2021,Under Maintenance,Medium,245.7015677,66,8772.548974,103.96017996663393
524,Bangalore,Jayanagar,Industrial,2020,11,136.6642535,1500.0,15.8358468,69.75946061,100.0,6,0,5.837335541,01-11-2022,Closed,Low,111.8370422,78,26806.50511,133.99106700118742
1059,Bangalore,Indiranagar,Institutional,1980,11,148.1299361,423.4607774,22.94141312,48.45887438,12.06948068,7,0,6.341704925,27-11-2021,Operational,Low,131.4692834,250,9349.99812,145.63902502176944
540,Bangalore,Jayanagar,Industrial,1988,13,231.016784,200.0,49.62033006,83.85419079,10.94931424,9,0,5.292042668,27-08-2022,Closed,High,191.7846056,467,7263.321568,193.9342446404257
748,Bangalore,Malleshwaram,Residential,2008,1,250.0,200.0,6.427835715,80.91234013,34.12074573,4,0,5.466981114,02-11-2023,Operational,Low,119.4241099,98,19430.13694,193.78772044074023
1155,Bangalore,Hebbal,Industrial,1971,1,209.5830587,930.844246,28.72439487,65.47964843,100.0,5,0,10.80404899,01-07-2024,Closed,Low,200.4908545,342,3956.233052,184.7009393384132
484,Bangalore,Electronic City,Industrial,2022,1,65.83693964,200.0,18.73278673,67.87573684,33.00299806,1,0,5.213117226,25-04-2023,Closed,Low,112.1824627,162,10708.05943,100.57140137917848
95,Bangalore,Koramangala,Residential,2008,6,51.06110486,200.0,33.91465566,69.94923635,10.89918385,8,1,5.662097624,06-08-2022,Operational,High,76.82425259,214,13926.36303,38.15055419383941
1020,Bangalore,Malleshwaram,Institutional,2017,13,179.3115685,200.0,26.68225152,21.66437645,98.12139169,1,0,6.608381222,02-03-2022,Closed,Medium,176.1417744,27,24246.84396,158.5268676216775
563,Bangalore,BTM Layout,Residential,2018,12,50.0,200.0,48.50007795,65.08402979,51.13019739,3,0,12.70734963,28-07-2023,Operational,Medium,133.6988234,317,10514.5235,93.52902645126079
742,Bangalore,Whitefield,Commercial,1975,10,206.5165969,942.1860129,8.276409707,79.49085687,26.52191905,6,0,7.851236,14-08-2021,Closed,Medium,118.7590711,186,19622.76829,174.2640150514216
863,Bangalore,Hebbal,Institutional,1970,8,87.17722077,1500.0,11.07796609,91.6829872,20.09152288,5,0,8.247762162,08-11-2021,Closed,Medium,239.7938837,61,7121.378685,122.2655756604776
891,Bangalore,Banashankari,Residential,2006,6,250.0,778.2558343,59.39774942,88.82659813,100.0,2,0,5.962856414,24-10-2021,Operational,Medium,175.3637016,411,13447.94481,198.0985542902365
1038,Bangalore,Electronic City,Residential,1986,4,50.0,657.8593026,24.1169969,83.54970067,100.0,6,0,8.577360558,07-02-2022,Operational,High,161.2225909,325,21166.21491,101.21336270609986
206,Bangalore,Yelahanka,Residential,2020,6,50.0,350.8972608,24.77024117,71.795356,33.42012379,6,1,8.170019794,18-05-2022,Closed,High,175.7517634,56,9346.94038,44.5831745420433
392,Bangalore,Jayanagar,Industrial,1989,12,50.0,220.7900866,24.48081111,43.41007056,14.50026431,1,0,7.335908531,05-02-2022,Closed,Low,83.98833965,57,11556.33841,85.77857103729679
794,Bangalore,Whitefield,Institutional,2007,6,50.0,1500.0,28.04117872,32.64164863,27.09058507,10,1,10.25371921,13-07-2024,Operational,Medium,95.94717298,125,16342.66159,38.41006506765869
870,Bangalore,HSR Layout,Residential,2022,11,70.09532812,1500.0,29.81974826,78.89354405,32.13683526,3,1,5.715827043,14-09-2023,Operational,High,141.1526386,486,17445.67244,62.99004283002976
397,Bangalore,HSR Layout,Commercial,1978,4,50.0,524.7266205,18.64923279,51.0577125,28.05321865,8,0,7.245190235,10-05-2022,Under Maintenance,Low,217.6936187,408,18058.17893,110.76893818782706
766,Bangalore,Electronic City,Industrial,2020,7,215.6120574,426.7040556,56.46717565,88.36238017,31.16999863,1,0,6.478663726,25-11-2023,Under Maintenance,High,148.2505755,122,21098.62936,170.11402731581518
1145,Bangalore,Banashankari,Institutional,1972,9,250.0,424.4605762,18.62986579,71.66763651,99.44839273,8,0,10.89908925,13-01-2022,Operational,Low,150.7789524,283,24830.17141,200.12524571480736
1028,Bangalore,Banashankari,Institutional,1995,3,57.65107823,1005.406225,33.94260176,84.93398113,100.0,4,0,7.632124587,30-08-2021,Under Maintenance,High,180.6758986,382,12476.84005,106.71526881535209
642,Bangalore,Indiranagar,Residential,1989,6,50.0,1500.0,10.31953278,63.2453955,61.08668601,3,0,7.139668219,21-05-2022,Under Maintenance,Low,137.0204324,80,23948.9535,94.40568273218197
612,Bangalore,Hebbal,Commercial,2023,10,74.14452678,200.0,38.23518176,82.31747094,49.33665358,12,0,5.204313565,28-06-2024,Closed,High,163.9984313,474,18316.0921,115.2218954601991
960,Bangalore,Hebbal,Residential,1999,4,50.0,1402.268892,49.07772546,85.97986163,100.0,2,0,5.714646822,12-02-2022,Operational,Medium,182.136138,456,14757.9337,102.21827009103772
725,Bangalore,Indiranagar,Commercial,1983,1,250.0,1500.0,13.06550627,61.16114224,26.27010851,14,0,30.799948,04-07-2022,Under Maintenance,High,140.8008332,370,11433.83995,202.95537064183662
683,Bangalore,Hebbal,Industrial,1997,11,165.6839398,925.0481327,31.22617263,84.04179458,44.6294977,3,0,5.321852811,28-05-2024,Closed,High,174.4687281,250,15007.547,156.7031902343396
98,Bangalore,Electronic City,Commercial,1990,4,50.0,1318.219167,32.75587683,91.49017422,25.40025244,2,1,10.56354694,23-12-2022,Under Maintenance,High,150.2556728,225,18895.14769,45.3094901750123
804,Bangalore,Koramangala,Institutional,1988,8,82.78117559,1500.0,17.59590778,91.3379696,99.41733148,4,0,10.23182069,05-09-2021,Closed,Medium,128.2751886,172,16226.07352,110.94554540583842
406,Bangalore,Yelahanka,Residential,1979,1,50.0,242.0979056,51.9803195,83.16981995,62.26318448,6,1,5.488281665,28-02-2022,Under Maintenance,High,96.61897853,32,10316.31322,30.394135753587022
502,Bangalore,Hebbal,Commercial,1986,11,50.0,200.0,45.85998737,93.11577389,24.00124229,11,1,7.018350584,03-02-2023,Operational,Low,80.07162131,475,18921.30785,43.15400691800429
1071,Bangalore,Koramangala,Industrial,1999,8,50.0,1251.877616,35.83837562,80.69795454,12.13170302,4,0,5.192379559,06-02-2024,Operational,High,173.8520414,392,18159.93567,102.1705494667156
1056,Bangalore,HSR Layout,Residential,1976,13,218.6287889,200.0,4.002220442,91.35838939,100.0,3,0,5.681093529,02-03-2022,Closed,High,148.7222965,431,19323.31384,191.40259611274277
929,Bangalore,Koramangala,Institutional,2011,8,50.0,718.7824813,71.5690088,82.48835039,100.0,1,0,5.202580073,10-02-2023,Under Maintenance,Low,146.7124869,272,26448.73192,88.69256343073506
779,Bangalore,Indiranagar,Residential,1990,12,153.7266313,1061.82126,17.0787374,95.09419251,18.48525147,2,0,22.90429023,09-07-2022,Closed,Low,181.0336049,182,23492.76603,152.05998673265339
200,Bangalore,Malleshwaram,Industrial,1988,7,77.04830202,206.2537838,15.42737372,85.76943372,28.912406,6,0,8.844014939,21-12-2022,Under Maintenance,Low,167.889368,218,13849.57619,113.9099187305414
134,Bangalore,Malleshwaram,Residential,2010,12,214.7340842,320.7772154,26.58911325,66.32110441,10.71708048,1,0,5.476771445,07-07-2023,Closed,Low,104.0287883,171,17740.6919,172.918887234731
1051,Bangalore,Hebbal,Residential,1982,1,112.9145581,848.7457426,28.58566294,68.20850746,35.09215181,5,1,9.078681175,13-05-2022,Operational,Low,169.7901767,226,15666.19143,79.81707905458705
40,Bangalore,Malleshwaram,Industrial,2001,3,50.0,200.0,46.66101043,46.0378284,10.51904705,7,0,6.34524774,09-06-2022,Under Maintenance,Low,186.923329,242,14873.53403,97.15975252997704
1017,Bangalore,Whitefield,Institutional,2014,6,125.8804376,1212.790813,5.630257448,86.82252015,100.0,3,0,5.873702097,15-04-2024,Closed,High,125.8057083,295,13809.9019,138.3765129386284
230,Bangalore,Electronic City,Industrial,1996,11,118.786894,510.8514319,61.25770239,73.21970208,0.176269599,5,0,10.05089905,12-09-2021,Operational,Medium,113.4816684,204,19153.96962,119.87787634261431
378,Bangalore,Yelahanka,Industrial,1994,5,126.339788,200.0,9.809139599,68.03911273,69.72766705,8,0,5.923955899,17-05-2022,Closed,Medium,259.4901467,311,11182.63439,151.80668961898837
288,Bangalore,Banashankari,Industrial,1996,3,50.0,200.0,35.7971829,84.46580353,23.38104842,2,0,5.382240285,23-09-2021,Closed,Medium,164.0495934,222,17909.60095,96.06086472337518
418,Bangalore,Malleshwaram,Industrial,2004,10,83.72426849,200.0,13.9421829,87.39323666,39.58451764,17,1,12.51025007,12-04-2024,Closed,Medium,208.9648592,333,12468.07193,75.08625121871914
391,Bangalore,Indiranagar,Institutional,2021,5,50.0,553.6112976,64.56735784,73.3659306,18.22922382,4,0,9.493262135,25-04-2023,Closed,Medium,174.5959586,251,12910.95389,92.34246498353254
592,Bangalore,Koramangala,Institutional,2019,11,50.0,578.7565409,25.15816126,94.14819508,3.759211648,9,1,7.477611114,31-10-2022,Under Maintenance,High,173.9489913,322,12253.18565,52.081784925931956
1086,Bangalore,Banashankari,Institutional,1990,9,142.5591259,609.2408858,41.71628284,34.19657576,10.15007418,13,0,7.276561525,17-02-2022,Operational,Medium,201.5141727,264,9615.341269,146.66575789455922
647,Bangalore,Electronic City,Residential,1993,5,170.4949437,208.2854006,9.19824869,91.37909284,92.78499345,4,1,20.74272292,28-01-2022,Operational,High,147.2852567,482,10013.54244,117.68255685101093
1152,Bangalore,Banashankari,Commercial,2016,1,179.3369497,527.0039481,13.46924674,57.1430673,9.651583645,6,0,8.986334187,08-11-2021,Under Maintenance,Low,118.0519126,14,20713.33749,154.62838609055248
520,Bangalore,Yelahanka,Residential,1997,8,67.62930977,615.1621609,16.30666386,76.98004601,25.49852144,3,0,8.498824907,25-07-2024,Under Maintenance,Low,66.52973594,365,7897.513571,103.38649524729314
64,Bangalore,Whitefield,Residential,2020,8,50.0,200.0,23.97249797,71.50309055,67.59862541,2,1,8.368080575,08-01-2024,Under Maintenance,High,190.6262911,183,17450.94637,50.04309861247099
14,Bangalore,Koramangala,Industrial,2020,9,50.0,200.0,30.80163474,71.08690166,48.5488462,6,0,8.22730348,21-03-2024,Closed,High,63.75410837,470,19377.47442,94.60421487283485
1064,Bangalore,Koramangala,Institutional,1977,1,82.06043637,1500.0,40.50307663,72.34467998,13.15324761,7,0,7.379563573,30-08-2021,Under Maintenance,Low,131.8779529,470,15425.3557,115.49395135218434
492,Bangalore,Whitefield,Residential,1997,11,50.0,1466.658326,31.44286879,76.91977432,15.91825738,4,1,7.568099077,28-12-2022,Under Maintenance,Medium,153.8684154,322,12819.99015,48.98907003703809
379,Bangalore,BTM Layout,Residential,2009,5,50.0,200.0,11.1498055,71.76012793,74.28648576,7,0,7.421822038,17-06-2023,Closed,Medium,109.5850857,263,19702.28289,96.90094619392424
187,Bangalore,Whitefield,Institutional,2007,7,60.75992705,365.9095043,38.27218462,82.68173087,16.50607508,13,0,5.123172333,06-03-2024,Under Maintenance,Medium,146.3585544,423,18658.93243,105.22456472901563
763,Bangalore,BTM Layout,Institutional,2011,11,204.3552093,200.0,36.7242427,59.02799792,50.72815755,7,0,12.6934176,11-01-2024,Operational,High,145.197005,140,16519.4388,168.96217663217675
216,Bangalore,Electronic City,Commercial,1979,2,50.0,1133.958934,22.97196153,55.82333496,41.32962811,4,0,5.479093771,07-08-2023,Under Maintenance,High,111.3587393,157,16793.37353,91.69324827171215
791,Bangalore,Jayanagar,Residential,2019,5,132.3666914,823.7634851,6.982757737,54.92173042,5.48268184,3,0,6.547037009,11-07-2023,Operational,Low,160.3843844,181,17536.88441,141.70601528421557
1076,Bangalore,Whitefield,Commercial,2021,10,72.75580912,1500.0,25.1714292,81.63960942,2.27239578,6,1,5.585357552,25-08-2022,Closed,Medium,72.17090507,382,9462.696098,55.20431313250124
878,Bangalore,Koramangala,Industrial,1987,3,50.0,1500.0,13.57450445,94.8319656,56.0411149,7,0,8.244279593,21-01-2022,Under Maintenance,High,149.1788552,177,20185.31145,97.56466497363625
337,Bangalore,Malleshwaram,Institutional,1981,2,91.21804588,200.0,8.032622458,90.75016481,14.64988909,5,0,7.660360389,08-03-2022,Operational,Medium,133.9307079,33,9765.607486,113.47806759203503
719,Bangalore,Koramangala,Industrial,2017,4,196.8827045,200.0,66.14856689,84.24470014,100.0,3,0,5.718920465,03-12-2022,Closed,Medium,147.1527188,123,14566.27776,158.77446375199466
295,Bangalore,Malleshwaram,Commercial,1989,13,55.39901912,200.0,19.32352231,97.85872446,4.898750799,6,0,5.833118548,14-09-2021,Operational,High,115.3545202,480,9988.23945,104.79166987709674
1016,Bangalore,Banashankari,Residential,1996,1,50.0,895.7461307,29.4295413,81.52317072,50.57123357,15,0,6.517682938,29-02-2024,Operational,High,117.4290998,137,6099.483814,90.15177001472775
455,Bangalore,Yelahanka,Institutional,1971,2,50.8878832,200.0,18.9429722,53.97956567,25.6385136,5,0,5.203083453,03-05-2022,Closed,Low,110.3563584,85,22228.59056,90.70118734198829
815,Bangalore,Jayanagar,Industrial,2004,3,109.7327079,1500.0,36.94032054,64.26907225,41.73787308,14,0,5.879626374,26-11-2021,Operational,Medium,75.72198135,437,21503.31683,123.51779725431514
269,Bangalore,Indiranagar,Commercial,2007,7,50.0,785.3307499,26.49039191,89.02653447,59.47222511,2,0,6.75244851,20-09-2023,Under Maintenance,Medium,156.5370289,333,14980.12164,100.45535915973045
995,Bangalore,Koramangala,Residential,1970,6,50.0,736.985572,14.51289955,97.70220189,21.68895951,6,0,8.244898138,10-08-2022,Under Maintenance,Low,135.9449854,200,8066.521129,96.71489660667022
201,Bangalore,HSR Layout,Industrial,2023,10,50.0,288.5804567,53.95144319,75.95311681,25.74675379,1,0,5.270989819,07-11-2023,Under Maintenance,Low,178.0392263,27,25487.71958,88.06410282574117
161,Bangalore,BTM Layout,Institutional,2008,2,75.03778108,200.0,24.17833872,86.04272225,39.4266088,4,0,6.810244872,30-10-2022,Closed,High,189.3542302,406,19940.24657,118.93821859221227
729,Bangalore,Yelahanka,Institutional,2018,2,50.0,1500.0,58.03080647,85.19772874,52.02614471,4,0,10.16119644,22-05-2022,Under Maintenance,Medium,111.0847637,352,6737.977073,90.21033779158844
401,Bangalore,BTM Layout,Commercial,1989,12,174.6334261,200.0,38.30072637,55.28763677,59.38138471,6,1,9.219269682,03-06-2022,Operational,High,120.0312489,476,20564.42127,111.38681629353114
702,Bangalore,Banashankari,Institutional,2018,12,61.55754021,911.8637805,32.23980215,94.58445052,61.969128,3,1,5.030922237,16-11-2022,Closed,Medium,114.7828155,129,19456.69823,44.733246717086196
1129,Bangalore,Banashankari,Institutional,2007,12,50.0,1500.0,29.62663933,37.16506462,81.80932513,8,0,7.123382202,01-08-2022,Closed,Low,166.4381205,40,13049.39655,92.5468335393174
565,Bangalore,Yelahanka,Residential,2013,4,66.85480317,1500.0,11.44549544,96.98593572,25.26617429,6,0,5.08271016,23-03-2022,Closed,Low,129.5962313,58,12300.35217,100.86806627469224
1021,Bangalore,Electronic City,Commercial,1975,5,52.93424471,485.3387375,38.74498145,57.38969838,17.12994878,7,1,6.378058723,07-04-2022,Operational,Medium,121.3149998,332,20434.6895,46.23572906150711
1025,Bangalore,Indiranagar,Institutional,1978,12,96.42921078,917.9197243,24.27189862,87.72648547,6.995023594,10,0,7.724349505,16-06-2022,Operational,Low,171.8161835,221,16496.43574,122.29457915967016
1104,Bangalore,Jayanagar,Institutional,2017,12,250.0,1287.256793,19.91007604,27.91915392,4.753107598,5,1,9.072377461,22-06-2024,Under Maintenance,High,205.4091408,137,10782.57252,151.38970733648756
205,Bangalore,Malleshwaram,Institutional,2020,1,50.0,801.8716522,39.6664732,87.5787044,29.10841544,5,0,9.88839057,04-02-2024,Operational,High,103.108748,425,7806.35125,95.25179311642438
34,Bangalore,Jayanagar,Commercial,1990,12,250.0,200.0,24.75430792,66.08507802,33.72596582,7,0,8.556955709,03-04-2023,Operational,High,191.1272456,467,18028.79399,208.51101219631593
775,Bangalore,Malleshwaram,Residential,1974,3,50.0,301.3183466,21.86376843,53.8946099,38.32838522,10,0,15.7700732,07-09-2022,Operational,Medium,71.48876401,490,17977.69161,97.93717661554773
508,Bangalore,BTM Layout,Residential,2019,1,224.3803894,200.0,21.56204764,38.86671172,25.2752763,2,0,5.598718666,31-03-2023,Closed,Low,152.4260814,49,20825.49707,180.20172619452416
1231,Bangalore,Jayanagar,Institutional,2004,2,50.0,1500.0,9.524861338,91.02481913,100.0,6,0,6.809021686,31-10-2023,Under Maintenance,High,81.50985102,448,20490.11775,99.77576464320461
91,Bangalore,BTM Layout,Residential,1975,10,93.68447582,200.0,20.13177766,74.58406055,0.401603454,5,0,7.087426688,26-07-2024,Under Maintenance,High,198.4322495,466,11677.09092,131.89326672516444
897,Bangalore,Whitefield,Institutional,1993,8,250.0,442.8527962,27.21089268,86.83389149,4.708700354,5,0,6.236163466,25-12-2023,Operational,Medium,157.3356843,146,17140.53697,194.8030509812666
564,Bangalore,Yelahanka,Institutional,2023,12,50.0,200.0,15.61151311,89.01890565,2.558976842,9,0,9.855595543,21-10-2021,Closed,Medium,210.0606961,442,13291.09813,111.25357793231971
776,Bangalore,Electronic City,Institutional,2003,7,50.0,1312.378563,43.76842966,51.1859523,43.31838185,8,0,5.842625918,31-03-2022,Closed,High,113.6431412,361,5148.55692,93.92876866587567
241,Bangalore,Hebbal,Institutional,1976,8,230.817181,200.0,48.2354817,76.79434542,14.25789145,5,0,5.097938881,15-02-2023,Operational,Low,144.2631779,444,12604.46452,188.7398684984655
13,Bangalore,Koramangala,Residential,1978,8,50.0,200.0,48.14605832,50.4176664,35.56712281,4,1,6.69800104,06-09-2021,Closed,Medium,54.33598777,312,13220.90582,35.66021044871101
315,Bangalore,Banashankari,Commercial,1977,7,89.29820496,200.0,59.97754,98.61426157,42.42834972,2,1,10.16445179,25-04-2023,Closed,Medium,151.0501921,181,21629.10358,58.2024710724638
600,Bangalore,BTM Layout,Residential,1992,13,50.0,336.7417779,23.24597504,67.28987345,100.0,3,0,6.463964939,07-04-2024,Closed,Low,187.8494308,383,12362.77772,105.95284934072676
387,Bangalore,Jayanagar,Institutional,1981,12,50.0,200.0,40.75481131,74.18310466,70.76623438,1,0,6.074086529,02-09-2022,Under Maintenance,Medium,243.808542,309,12037.00858,105.75806088747943
166,Bangalore,BTM Layout,Institutional,1981,12,50.0,200.0,31.91688502,71.97179768,1.442421976,4,1,8.246033939,22-03-2023,Operational,High,191.103008,171,16073.99507,48.13720581917245
840,Bangalore,Banashankari,Institutional,1997,12,50.0,1494.377918,60.36356523,50.69461389,85.6784095,1,1,12.67752806,02-02-2024,Closed,Low,147.5268145,318,10168.70806,42.71302226683784
20,Bangalore,Koramangala,Commercial,1992,1,70.97781554,356.2152343,8.4744423,74.39794347,0.389863605,1,1,5.630481348,23-08-2022,Under Maintenance,Medium,223.2824384,498,11143.21232,76.31828371990777
646,Bangalore,Malleshwaram,Institutional,2011,8,135.0598221,957.0748372,13.33717455,60.78481663,57.7179619,4,1,13.29770227,06-09-2021,Operational,Low,50.0,470,20694.6791,85.87019475899213
1154,Bangalore,Electronic City,Residential,2001,3,144.5904629,1130.476523,48.5381511,59.71562948,100.0,2,0,7.241250803,21-09-2023,Under Maintenance,Medium,232.100758,403,14919.52781,153.29052073588184
831,Bangalore,Whitefield,Institutional,2010,2,90.34235259,200.0,40.25268436,72.21787938,59.68523623,11,0,6.363804555,20-07-2024,Closed,Medium,104.0674027,318,24754.57086,112.34520089677902
562,Bangalore,Jayanagar,Industrial,1985,6,50.0,307.9479496,42.89143988,91.65985129,1.699737013,5,1,16.42494765,20-07-2022,Closed,Medium,193.5562352,135,13303.9344,44.91073702825846
1217,Bangalore,Banashankari,Commercial,1973,6,171.1493731,200.0,43.04959252,81.93781199,59.81090784,5,0,5.095685674,20-04-2023,Operational,Low,163.9497081,176,13116.49757,153.820360737219
686,Bangalore,Malleshwaram,Residential,2000,4,127.1591342,314.4651861,41.97578437,78.91183993,7.007732742,7,0,5.502304089,06-12-2021,Closed,High,137.9837301,39,13176.04709,125.36366483590933
957,Bangalore,HSR Layout,Industrial,1990,11,50.0,1500.0,46.08863983,96.18253654,71.59024815,6,0,5.64642108,16-09-2022,Under Maintenance,High,172.837661,287,17759.6817,96.71421276436892
189,Bangalore,Whitefield,Institutional,1981,9,50.0,335.7355228,41.0835622,85.99993254,12.28363426,1,0,10.02336569,04-10-2021,Under Maintenance,Low,74.25763877,359,18031.04888,90.11905211117067
975,Bangalore,Hebbal,Institutional,2019,1,50.0,632.5563767,35.73496811,80.21732161,18.70547354,4,0,8.807516633,17-05-2022,Under Maintenance,Low,55.52296345,184,13165.79841,84.12312950717234
699,Bangalore,Malleshwaram,Institutional,1994,5,98.4182067,569.1954172,26.10515983,77.25920198,8.477978755,5,1,6.915322567,30-04-2023,Operational,Medium,140.7548932,393,16394.3421,75.08096868198506
510,Bangalore,Yelahanka,Institutional,1985,11,71.28030147,605.8276311,24.46933029,96.79039574,17.95099945,4,0,5.68585725,11-06-2023,Under Maintenance,Low,163.5228413,435,22031.3009,115.1806648484992
1082,Bangalore,Jayanagar,Institutional,2008,11,81.08471611,925.8246681,40.36228443,87.44544655,39.93079672,7,1,5.261625133,27-08-2023,Closed,High,133.9182474,308,19650.18599,60.22727144741309
474,Bangalore,Electronic City,Institutional,2002,13,56.26074378,1178.17947,12.68191729,84.64437362,100.0,2,0,5.846976214,12-09-2022,Under Maintenance,Low,232.2483857,434,18421.51292,116.99238326330642
856,Bangalore,Whitefield,Institutional,2017,2,50.0,1500.0,55.18298137,29.9999457,13.09976072,3,0,5.944986618,05-08-2022,Closed,High,108.3822213,11,16531.43825,80.83162640347885
747,Bangalore,Yelahanka,Institutional,2016,1,117.6423573,200.0,11.28387463,96.37530567,7.221568205,1,1,6.075741219,31-07-2023,Under Maintenance,Low,112.2308534,149,10964.11274,77.29373600553339
252,Bangalore,Malleshwaram,Residential,2011,13,142.8544989,200.0,33.49595175,65.04184766,100.0,6,1,6.016516465,29-04-2022,Operational,Low,256.1078099,300,14472.37586,104.68842160846319
21,Bangalore,BTM Layout,Commercial,1973,4,50.0,590.0962513,19.35741929,91.30564672,67.27150333,4,0,6.646600048,12-05-2023,Under Maintenance,High,138.711185,413,16162.55017,102.47657817236733
459,Bangalore,Whitefield,Commercial,1988,1,50.0,1050.396839,28.00430775,73.06481187,8.678022291,2,0,8.718322757,27-04-2022,Under Maintenance,High,90.10610537,312,18473.52485,93.03910086835575
1184,Bangalore,Koramangala,Residential,1982,11,50.0,1500.0,22.86650838,69.72014677,15.47298319,2,0,7.363009382,12-11-2023,Closed,Low,100.5185932,125,18877.04767,89.53135617344832
276,Bangalore,Banashankari,Institutional,1999,5,120.0712449,200.0,30.86930175,78.85779003,8.867915307,6,0,6.228036108,25-11-2021,Closed,Low,159.9529848,266,17905.60473,133.04848267756736
955,Bangalore,Whitefield,Industrial,2019,4,72.4666199,1500.0,16.09657229,77.58230182,100.0,10,0,28.15338562,08-05-2022,Under Maintenance,Low,205.8647916,459,15644.61656,122.59465163174065
1215,Bangalore,Yelahanka,Institutional,2019,12,50.0,224.7850326,10.69288586,97.57066663,100.0,3,1,7.029786359,08-02-2023,Closed,Medium,212.3871036,375,11755.22607,60.37442652506867
385,Bangalore,Whitefield,Residential,1999,3,122.0246854,200.0,15.82246646,94.83673684,14.16102233,1,0,8.37311094,07-03-2023,Closed,Medium,157.5196893,334,6920.77935,138.67145097198102
805,Bangalore,Banashankari,Industrial,2010,6,200.0235456,1105.70439,50.58575036,88.4375803,100.0,4,1,5.935015514,08-06-2023,Operational,Medium,134.5413938,143,10816.88825,112.75438630765682
343,Bangalore,Jayanagar,Residential,1971,5,50.0,200.0,18.82093238,72.77268935,15.69674297,4,0,21.14451381,13-03-2022,Under Maintenance,Medium,124.6528412,283,11999.90209,97.46337075364436
769,Bangalore,Yelahanka,Residential,1994,11,250.0,1090.018381,29.88492345,90.55192072,36.83009259,7,0,7.169018024,19-04-2023,Closed,Low,240.6224279,146,14414.47972,202.55973889278465
130,Bangalore,Indiranagar,Industrial,1993,1,50.0,200.0,15.17010698,72.58062955,2.419908377,2,1,9.098765478,13-09-2023,Closed,Medium,72.46682845,254,20054.71054,42.106855153169334
871,Bangalore,Electronic City,Industrial,2016,13,50.0,703.6153281,34.14172318,71.53479907,7.949987,9,0,6.597167162,19-03-2024,Under Maintenance,Low,110.0851378,438,14009.87551,97.60482115060772
1123,Bangalore,Hebbal,Industrial,1993,3,248.7281205,561.9980086,62.18640405,85.84013175,67.34042057,4,0,19.18673457,21-04-2024,Under Maintenance,Medium,92.84975436,102,17025.86272,179.41335355884758
87,Bangalore,Banashankari,Residential,2002,12,76.11670192,342.0443386,39.14443243,56.25946165,4.138317818,1,0,8.942594293,04-07-2024,Under Maintenance,High,166.4375555,15,18038.1588,102.76062540579844
330,Bangalore,Hebbal,Industrial,2005,7,50.0,200.0,16.87358152,76.22303854,18.58223364,3,0,8.865269146,15-08-2021,Operational,Low,149.3876614,6,12081.69771,91.98181944636544
1238,Bangalore,Hebbal,Industrial,2006,1,250.0,888.5090469,20.12594566,67.13262284,48.97164141,4,0,5.668316399,02-02-2023,Closed,High,178.449154,380,20321.86791,205.54840003552636
466,Bangalore,Electronic City,Residential,2019,4,50.0,200.0,25.98232409,72.59592905,1.637737504,5,0,7.312076732,12-12-2023,Operational,Medium,180.708335,347,12689.02408,103.55840939171712
121,Bangalore,Malleshwaram,Commercial,1974,4,169.8181987,200.0,24.22397384,73.02578755,85.31929718,12,0,5.269131625,23-05-2022,Operational,Low,104.5306273,253,12114.22581,153.3771094325263
1044,Bangalore,BTM Layout,Commercial,2017,13,250.0,200.0,16.88949643,96.13607996,1.632130257,5,0,8.499913608,23-05-2022,Operational,Medium,141.368635,49,14828.98704,192.2676034146959
1095,Bangalore,BTM Layout,Commercial,2013,6,50.0,1104.346639,5.401685797,62.05564627,48.85201696,4,0,17.70576301,29-03-2023,Operational,Low,145.964171,326,5191.145924,103.67552347735707
1130,Bangalore,Malleshwaram,Commercial,1986,11,192.788337,1500.0,19.73050228,49.78817759,50.53421125,4,1,72.0,31-12-2023,Operational,High,166.0678608,155,23362.03016,119.20697234535139
860,Bangalore,HSR Layout,Industrial,2015,2,224.100389,200.0,45.22001368,95.96697319,69.01696432,4,0,8.081216193,18-11-2021,Closed,High,160.146151,71,9398.00944,176.1911371363565
1126,Bangalore,Malleshwaram,Commercial,2011,3,50.0,365.7351479,45.1396653,76.479787,75.23034597,1,1,6.652251322,24-03-2024,Operational,Medium,165.1317733,470,10990.71953,51.820446396195166
